date,run_mode,macro,internals,technical,sentiment,regime_score,regime,confidence
2026-02-09 09:32,CLOSE,44.4,56.8,63.2,51.7,54.2,CHOPPY,4.2
2026-02-09 09:39,MORNING,45.5,57.5,62.8,51.2,54.6,CHOPPY,4.6
2026-02-09 09:42,CLOSE,46.1,51.3,63.0,51.2,53.2,CHOPPY,3.2
2026-02-09 09:53,CLOSE,45.9,50.2,62.8,51.7,52.9,CHOPPY,2.9
2026-02-09 09:53,CLOSE,45.9,49.5,62.7,51.7,52.7,CHOPPY,2.7
2026-02-09 10:03,CLOSE,44.4,52.9,55.5,51.5,50.9,CHOPPY,0.9
2026-02-09 10:58,CLOSE,44.8,nan,55.9,53.3,nan,CHOPPY,nan
2026-02-09 11:00,MORNING,45.7,57.5,55.1,53.3,52.6,CHOPPY,2.6
2026-02-09 11:00,CLOSE,45.2,57.5,55.0,53.3,52.4,CHOPPY,2.4
2026-02-09 16:05,CLOSE,46.2,60.4,55.7,52.8,53.6,CHOPPY,3.6
2026-02-10 09:25,MORNING,49.7,60.9,55.8,53.4,54.9,CHOPPY,4.9
2026-02-10 16:05,CLOSE,46.1,62.6,56.4,55.0,54.6,CHOPPY,4.6
2026-02-11 09:25,MORNING,43.4,62.4,56.3,53.7,53.6,CHOPPY,3.6
2026-02-11 16:05,CLOSE,44.8,53.3,54.9,51.7,51.0,CHOPPY,1.0
2026-02-12 09:25,MORNING,49.5,53.4,54.9,49.6,52.1,CHOPPY,2.1
2026-02-12 16:05,CLOSE,45.7,49.5,32.6,52.4,43.7,CHOPPY,6.3
2026-02-13 09:25,MORNING,49.0,49.2,32.6,51.9,44.6,CHOPPY,5.4
2026-02-13 16:05,CLOSE,48.5,68.8,44.4,51.5,52.8,CHOPPY,2.8
2026-02-17 09:25,MORNING,44.0,68.9,44.4,51.3,51.4,CHOPPY,1.4
2026-02-17 16:05,CLOSE,44.0,62.4,51.1,50.0,51.6,CHOPPY,1.6
2026-02-18 09:25,MORNING,44.7,62.0,51.1,51.0,51.9,CHOPPY,1.9
2026-02-18 16:05,CLOSE,44.7,61.6,51.3,51.1,51.9,CHOPPY,1.9
2026-02-19 09:25,MORNING,43.1,61.3,51.3,52.7,51.5,CHOPPY,1.5
2026-02-19 16:05,CLOSE,43.9,72.8,52.1,53.9,55.1,CHOPPY,5.1
2026-02-20 09:25,MORNING,43.2,72.7,52.1,53.3,54.8,CHOPPY,4.8
2026-02-20 16:05,CLOSE,43.0,61.6,52.2,54.0,52.1,CHOPPY,2.1
2026-02-23 09:25,MORNING,42.5,61.5,52.2,49.2,51.2,CHOPPY,1.2
2026-02-23 16:05,CLOSE,39.6,49.4,30.9,50.5,41.1,CHOPPY,8.9
2026-02-24 09:25,MORNING,40.3,49.3,30.9,48.5,41.0,CHOPPY,9.0
2026-02-24 16:05,CLOSE,39.3,56.5,51.7,48.8,48.7,CHOPPY,1.3
2026-02-25 16:05,CLOSE,40.8,51.1,53.5,49.6,48.5,CHOPPY,1.5
2026-02-26 09:25,MORNING,42.8,50.8,53.5,49.0,48.9,CHOPPY,1.1
2026-02-26 16:05,CLOSE,40.9,75.0,54.8,48.4,54.7,CHOPPY,4.7
2026-02-27 09:25,MORNING,41.6,75.3,54.9,48.6,55.1,CHOPPY,5.1
2026-02-27 16:05,CLOSE,39.5,43.1,34.7,44.6,39.7,BEARISH,10.3
2026-03-02 09:25,MORNING,37.4,43.6,34.7,45.4,39.4,BEARISH,10.6
2026-03-02 16:05,CLOSE,37.1,60.5,54.0,45.4,49.3,CHOPPY,0.7
2026-03-03 09:25,MORNING,36.8,60.2,54.0,43.4,48.8,CHOPPY,1.2
2026-03-03 16:05,CLOSE,38.0,39.6,27.3,45.8,36.3,BEARISH,13.7
2026-03-04 09:25,MORNING,39.5,39.6,27.3,45.2,36.7,BEARISH,13.3
2026-03-04 16:05,CLOSE,41.0,43.4,34.2,47.0,40.5,CHOPPY,9.5
2026-03-05 09:25,MORNING,36.9,43.7,34.2,48.2,39.5,BEARISH,10.5
2026-03-05 16:05,CLOSE,34.1,16.9,27.6,45.0,29.5,BEARISH,20.5
2026-03-06 09:25,MORNING,35.7,17.0,27.6,48.1,30.4,BEARISH,19.6
2026-03-06 16:05,CLOSE,36.2,10.2,25.5,48.3,28.3,BEARISH,21.7
2026-03-09 09:25,MORNING,36.0,10.1,25.5,48.8,28.3,BEARISH,21.7
2026-03-10 16:05,CLOSE,38.6,17.2,30.2,50.6,32.5,BEARISH,17.5
2026-03-11 09:25,MORNING,39.8,16.6,30.2,52.1,33.0,BEARISH,17.0
2026-03-11 16:05,CLOSE,40.3,11.7,30.0,50.1,31.5,BEARISH,18.5
2026-03-12 09:25,MORNING,39.7,11.5,30.0,52.5,31.7,BEARISH,18.3
2026-03-13 09:25,MORNING,44.8,9.5,22.7,53.2,30.6,BEARISH,19.4
2026-03-25 16:15,CLOSE,53.1,82.9,55.9,52.6,61.3,BULLISH,11.3
2026-03-26 09:15,MORNING,55.9,82.1,55.9,49.0,61.4,BULLISH,11.4
2026-03-26 16:15,CLOSE,55.1,85.1,41.0,51.6,57.8,CHOPPY,7.8
2026-03-27 09:15,MORNING,47.8,85.4,41.0,49.4,55.4,CHOPPY,5.4
2026-03-27 16:15,CLOSE,47.0,83.3,26.0,46.7,49.7,CHOPPY,0.3
2026-03-30 09:15,MORNING,48.9,84.6,26.0,47.1,50.7,CHOPPY,0.7
2026-03-30 16:15,CLOSE,42.6,62.8,24.5,51.9,43.6,CHOPPY,6.4
2026-03-31 09:15,MORNING,45.4,63.3,24.5,51.8,44.6,CHOPPY,5.4
2026-03-31 16:15,CLOSE,51.7,75.5,38.9,49.8,53.6,CHOPPY,3.6
2026-04-01 09:15,MORNING,51.2,76.2,39.0,49.9,53.6,CHOPPY,3.6
2026-04-01 16:15,CLOSE,50.4,70.4,56.3,52.6,57.5,CHOPPY,7.5
2026-04-02 09:15,MORNING,49.9,69.9,56.3,50.6,56.9,CHOPPY,6.9
2026-04-02 16:15,CLOSE,54.0,84.7,56.3,52.3,62.1,BULLISH,12.1
2026-04-06 09:15,MORNING,49.4,85.2,56.3,51.5,60.7,BULLISH,10.7
2026-04-06 16:15,CLOSE,47.4,79.5,57.3,54.4,59.4,CHOPPY,9.4
2026-04-07 09:15,MORNING,49.9,78.8,57.3,57.2,60.5,BULLISH,10.5
2026-04-07 16:15,CLOSE,51.7,77.9,57.3,54.6,60.4,BULLISH,10.4
2026-04-08 09:15,MORNING,60.7,77.8,57.3,52.6,62.8,BULLISH,12.8
2026-04-08 16:15,CLOSE,58.6,78.6,62.3,54.5,64.1,BULLISH,14.1
2026-04-09 09:15,MORNING,59.0,78.5,62.3,52.7,63.9,BULLISH,13.9
2026-04-09 16:15,CLOSE,65.1,77.6,63.7,50.5,65.6,BULLISH,15.6
2026-04-10 16:15,CLOSE,68.5,73.0,64.8,52.0,66.0,BULLISH,16.0
2026-04-13 09:15,MORNING,67.6,73.0,64.8,54.6,66.2,BULLISH,16.2
2026-04-13 16:15,CLOSE,74.4,83.0,67.0,51.3,70.8,BULLISH,20.8
2026-04-14 09:15,MORNING,69.9,83.1,67.0,53.2,69.8,BULLISH,19.8
2026-04-14 16:15,CLOSE,70.6,81.4,68.3,52.9,70.0,BULLISH,20.0
2026-04-15 09:15,MORNING,65.7,81.1,68.3,52.2,68.3,BULLISH,18.3
2026-04-15 16:15,CLOSE,69.2,70.9,69.2,51.9,67.0,BULLISH,17.0
2026-04-16 09:15,MORNING,67.6,70.6,69.2,52.6,66.6,BULLISH,16.6
2026-04-16 16:15,CLOSE,70.7,66.8,66.2,49.4,65.2,BULLISH,15.2
2026-04-17 09:15,MORNING,68.7,66.3,66.2,53.7,65.1,BULLISH,15.1
2026-04-17 09:15,MORNING,68.7,66.3,66.2,53.7,65.1,BULLISH,15.1
2026-04-17 16:15,CLOSE,68.5,80.5,70.8,52.8,69.8,BULLISH,19.8
2026-04-20 09:15,MORNING,60.9,80.3,70.8,51.6,67.3,BULLISH,17.3
2026-04-20 16:15,CLOSE,64.6,85.8,72.1,50.2,70.0,BULLISH,20.0
2026-04-21 09:16,MORNING,59.5,85.8,72.1,50.4,68.5,BULLISH,18.5
2026-04-21 16:15,CLOSE,58.0,75.2,67.7,51.2,64.2,BULLISH,14.2
2026-04-22 09:15,MORNING,56.1,75.4,67.7,53.7,64.0,BULLISH,14.0
2026-04-22 16:15,CLOSE,55.7,68.8,68.4,54.7,62.6,BULLISH,12.6
2026-04-23 09:15,MORNING,50.7,68.9,68.4,53.1,60.9,BULLISH,10.9
2026-04-24 09:15,MORNING,49.8,70.1,68.3,52.9,60.9,BULLISH,10.9
2026-04-24 16:15,CLOSE,49.7,60.3,68.4,51.3,58.2,CHOPPY,8.2
2026-04-27 09:15,MORNING,49.5,60.5,68.4,54.5,58.7,CHOPPY,8.7
2026-04-27 16:15,CLOSE,48.9,59.2,69.0,49.5,57.6,CHOPPY,7.6
2026-04-28 09:15,MORNING,46.8,59.6,69.0,52.8,57.6,CHOPPY,7.6
2026-04-28 16:15,CLOSE,46.4,44.7,68.5,55.3,53.9,CHOPPY,3.9
2026-04-29 09:15,MORNING,47.6,44.7,68.5,52.3,53.8,CHOPPY,3.8
2026-04-29 16:15,CLOSE,46.2,30.3,60.1,49.9,46.9,CHOPPY,3.1
2026-04-30 09:15,MORNING,48.4,30.4,60.1,52.1,48.0,CHOPPY,2.0
2026-04-30 16:15,CLOSE,50.4,48.9,68.5,52.5,55.8,CHOPPY,5.8
2026-05-01 09:15,MORNING,51.9,48.9,68.5,51.9,56.1,CHOPPY,6.1
2026-05-01 15:14,MORNING,51.4,36.7,69.4,50.0,52.9,CHOPPY,2.9
2026-05-01 15:14,CLOSE,51.8,36.8,69.4,50.0,53.1,CHOPPY,3.1
2026-05-01 20:33,CLOSE,49.4,50.1,73.2,50.0,56.8,CHOPPY,6.8
2026-05-04 13:54,MORNING,52.6,54.6,70.2,50.0,58.0,CHOPPY,8.0
2026-05-04 20:43,CLOSE,50.9,48.1,68.6,50.0,55.4,CHOPPY,5.4
2026-05-05 20:41,CLOSE,53.5,69.9,73.0,50.0,62.9,BULLISH,12.9
2026-05-06 13:54,MORNING,56.0,66.1,73.3,50.0,62.8,BULLISH,12.8
2026-05-06 20:47,CLOSE,56.9,72.0,73.5,50.0,64.6,BULLISH,14.6
2026-05-07 13:54,MORNING,55.3,56.1,69.9,50.0,59.1,CHOPPY,9.1
2026-05-07 20:44,CLOSE,53.2,42.3,67.7,50.0,54.3,CHOPPY,4.3
2026-05-08 13:53,MORNING,55.8,33.8,68.3,50.0,53.2,CHOPPY,3.2
2026-05-08 20:37,CLOSE,57.5,38.7,68.4,50.0,54.9,CHOPPY,4.9
2026-05-11 20:52,CLOSE,56.4,45.9,69.5,50.0,56.7,CHOPPY,6.7
2026-05-12 13:55,MORNING,53.2,26.7,48.6,50.0,44.7,CHOPPY,5.3
2026-05-12 20:49,CLOSE,54.4,29.3,67.2,50.0,51.3,CHOPPY,1.3
2026-05-13 13:56,MORNING,49.0,18.6,48.3,50.0,41.3,CHOPPY,8.7
