date,overnight_high,overnight_low,overnight_mid,current_es,regime,signal,spy_open,spy_close,day_outcome,day_return_pct,correct
2025-02-07,6114.75,6084.5,6099.62,6120.5,Bullish breakout,Bullish,599.85,593.8,Bearish,-1.0084,False
2025-02-10,6085.75,6014.0,6049.88,6075.5,Inside overnight range,Inside,597.02,597.83,Bullish,0.1357,
2025-02-11,6087.25,6058.5,6072.88,6072.5,Inside overnight range,Inside,595.56,598.28,Bullish,0.4581,
2025-02-12,6098.0,6024.5,6061.25,6052.75,Inside overnight range,Inside,592.25,596.36,Bullish,0.6943,
2025-02-13,6090.25,6053.5,6071.88,6086.25,Inside overnight range,Inside,597.46,602.65,Bullish,0.8685,
2025-02-14,6146.75,6121.25,6134.0,6140.0,Inside overnight range,Inside,602.86,602.62,Bearish,-0.0393,
2025-02-18,6157.75,6143.0,6150.38,6135.75,Bearish breakdown,Bearish,603.79,604.39,Bullish,0.0999,False
2025-02-19,6157.0,6131.75,6144.38,6132.75,Inside overnight range,Inside,603.0,605.82,Bullish,0.4671,
2025-02-20,6159.5,6141.0,6150.25,6116.75,Bearish breakdown,Bearish,604.44,603.3,Bearish,-0.1897,True
2025-02-21,6141.75,6127.25,6134.5,6115.0,Bearish breakdown,Bearish,603.08,592.98,Bearish,-1.675,True
2025-02-24,6067.5,6034.0,6050.75,6017.0,Bearish breakdown,Bearish,595.03,590.28,Bearish,-0.799,True
2025-02-25,6016.0,5977.75,5996.88,5981.25,Inside overnight range,Inside,590.22,587.34,Bearish,-0.4873,
2025-02-26,6004.0,5977.5,5990.75,6004.5,Bullish breakout,Bullish,589.01,587.64,Bearish,-0.2333,False
2025-02-27,6014.5,5961.0,5987.75,5951.0,Bearish breakdown,Bearish,589.92,578.26,Bearish,-1.977,True
2025-02-28,5900.5,5858.75,5879.62,5884.0,Inside overnight range,Inside,578.76,587.28,Bullish,1.4721,
2025-03-03,6000.5,5947.0,5973.75,5951.5,Inside overnight range,Inside,589.26,576.99,Bearish,-2.0816,
2025-03-04,5881.5,5812.0,5846.75,5779.0,Bearish breakdown,Bearish,572.98,570.16,Bearish,-0.4916,True
2025-03-05,5844.25,5783.75,5814.0,5778.25,Bearish breakdown,Bearish,570.0,576.29,Bullish,1.1046,False
2025-03-06,5853.5,5769.25,5811.38,5763.5,Bearish breakdown,Bearish,568.8,566.06,Bearish,-0.4813,True
2025-03-07,5786.5,5729.25,5757.88,5756.25,Inside overnight range,Inside,564.27,569.24,Bullish,0.8793,
2025-03-10,5757.75,5687.25,5722.5,5689.25,Inside overnight range,Inside,561.0,554.07,Bearish,-1.235,
2025-03-11,5651.75,5558.0,5604.88,5613.25,Inside overnight range,Inside,552.91,549.47,Bearish,-0.6221,
2025-03-12,5675.0,5574.25,5624.62,5608.5,Inside overnight range,Inside,555.64,552.38,Bearish,-0.587,
2025-03-13,5623.0,5559.5,5591.25,5563.0,Inside overnight range,Inside,552.01,545.02,Bearish,-1.2659,
2025-03-14,5588.0,5538.75,5563.38,5595.25,Bullish breakout,Bullish,549.66,556.28,Bullish,1.2048,True
2025-03-17,5649.0,5599.0,5624.0,5667.0,Bullish breakout,Bullish,556.26,560.57,Bullish,0.7747,True
2025-03-18,5686.25,5652.75,5669.5,5616.75,Bearish breakdown,Bearish,558.24,554.51,Bearish,-0.6693,True
2025-03-19,5638.25,5606.25,5622.25,5648.25,Bullish breakout,Bullish,556.3,560.55,Bullish,0.764,True
2025-03-20,5708.25,5631.5,5669.88,5674.25,Inside overnight range,Inside,556.79,558.93,Bullish,0.3834,
2025-03-21,5674.25,5614.75,5644.5,5615.0,Inside overnight range,Inside,554.45,559.11,Bullish,0.8404,
2025-03-24,5788.0,5739.0,5763.5,5802.0,Bullish breakout,Bullish,565.87,569.12,Bullish,0.5746,True
2025-03-25,5834.0,5802.25,5818.12,5819.75,Inside overnight range,Inside,570.33,570.49,Bullish,0.0278,
2025-03-26,5836.5,5813.75,5825.12,5808.5,Bearish breakdown,Bearish,570.22,563.68,Bearish,-1.1474,True
2025-03-27,5772.75,5730.0,5751.38,5754.0,Inside overnight range,Inside,562.28,562.18,Bearish,-0.0176,
2025-03-28,5747.75,5711.5,5729.62,5707.25,Bearish breakdown,Bearish,560.65,550.86,Bearish,-1.7453,True
2025-03-31,5600.0,5552.0,5576.0,5562.5,Inside overnight range,Inside,545.08,554.56,Bullish,1.7387,
2025-04-01,5663.5,5618.0,5640.75,5636.5,Inside overnight range,Inside,552.64,556.13,Bullish,0.6314,
2025-04-02,5695.75,5612.0,5653.88,5651.25,Inside overnight range,Inside,550.26,559.65,Bullish,1.7062,
2025-04-03,5564.75,5481.0,5522.88,5508.75,Inside overnight range,Inside,540.4,532.07,Bearish,-1.5428,
2025-04-04,5435.0,5210.5,5322.75,5287.0,Inside overnight range,Inside,519.15,500.92,Bearish,-3.5118,
2025-04-07,5040.0,4832.0,4936.0,5007.25,Inside overnight range,Inside,484.97,500.03,Bullish,3.1051,
2025-04-08,5248.0,5115.0,5181.5,5280.0,Bullish breakout,Bullish,517.35,492.19,Bearish,-4.8634,False
2025-04-09,5057.25,4871.75,4964.5,5048.25,Inside overnight range,Inside,489.18,543.88,Bullish,11.1827,
2025-04-10,5528.75,5359.5,5444.12,5343.25,Bearish breakdown,Bearish,527.58,520.05,Bearish,-1.4262,True
2025-04-11,5379.0,5206.5,5292.75,5316.75,Inside overnight range,Inside,518.49,529.33,Bullish,2.0898,
2025-04-14,5483.5,5410.0,5446.75,5457.75,Inside overnight range,Inside,539.35,534.47,Bearish,-0.9062,
2025-04-15,5463.0,5413.0,5438.0,5467.25,Bullish breakout,Bullish,535.01,532.97,Bearish,-0.3817,False
2025-04-16,5425.0,5340.0,5382.5,5348.75,Inside overnight range,Inside,527.09,521.12,Bearish,-1.1323,
2025-04-17,5371.25,5293.25,5332.25,5334.0,Inside overnight range,Inside,523.08,521.87,Bearish,-0.2331,
2025-04-21,5306.75,5238.0,5272.38,5220.5,Bearish breakdown,Bearish,516.66,509.44,Bearish,-1.3969,True
2025-04-22,5254.5,5171.75,5213.12,5263.75,Bullish breakout,Bullish,515.65,522.7,Bullish,1.3669,True
2025-04-23,5456.75,5377.75,5417.25,5482.0,Bullish breakout,Bullish,535.76,530.8,Bearish,-0.927,False
2025-04-24,5421.0,5355.25,5388.12,5439.5,Bullish breakout,Bullish,532.09,541.97,Bullish,1.8576,True
2025-04-25,5553.0,5486.75,5519.88,5492.5,Inside overnight range,Inside,541.93,545.89,Bullish,0.7299,
2025-04-28,5554.5,5516.25,5535.38,5545.5,Inside overnight range,Inside,546.63,546.09,Bearish,-0.0979,
2025-04-29,5573.75,5533.25,5553.5,5549.0,Inside overnight range,Inside,544.17,549.53,Bullish,0.9856,
2025-04-30,5583.0,5502.25,5542.62,5459.5,Bearish breakdown,Bearish,542.84,549.75,Bullish,1.2729,False
2025-05-01,5662.25,5615.0,5638.62,5629.0,Inside overnight range,Inside,555.53,553.65,Bearish,-0.3391,
2025-05-02,5692.75,5601.0,5646.88,5676.0,Inside overnight range,Inside,559.85,561.87,Bullish,0.3595,
2025-05-05,5705.25,5655.25,5680.25,5669.25,Inside overnight range,Inside,557.71,558.64,Bullish,0.1671,
2025-05-06,5673.25,5616.5,5644.88,5611.25,Bearish breakdown,Bearish,553.11,553.98,Bullish,0.1559,False
2025-05-07,5689.75,5608.5,5649.12,5651.0,Inside overnight range,Inside,555.31,556.31,Bullish,0.1785,
2025-05-08,5717.5,5636.5,5677.0,5677.75,Inside overnight range,Inside,560.36,560.18,Bearish,-0.0318,
2025-05-09,5715.25,5665.25,5690.25,5704.75,Inside overnight range,Inside,561.59,559.47,Bearish,-0.3778,
2025-05-12,5865.75,5734.25,5800.0,5823.25,Inside overnight range,Inside,576.45,577.96,Bullish,0.2614,
2025-05-13,5885.5,5835.75,5860.62,5888.5,Bullish breakout,Bullish,578.37,581.77,Bullish,0.5879,True
2025-05-14,5924.5,5896.25,5910.38,5910.25,Inside overnight range,Inside,582.74,582.52,Bearish,-0.0374,
2025-05-15,5904.0,5867.0,5885.5,5895.25,Inside overnight range,Inside,580.5,585.36,Bullish,0.8368,
2025-05-16,5958.0,5923.0,5940.5,5945.0,Inside overnight range,Inside,586.15,589.07,Bullish,0.4989,
2025-05-19,5948.0,5892.75,5920.38,5943.75,Inside overnight range,Inside,583.02,589.71,Bullish,1.1478,
2025-05-20,5993.5,5955.25,5974.38,5958.75,Inside overnight range,Inside,587.97,587.73,Bearish,-0.0405,
2025-05-21,5958.25,5905.0,5931.62,5928.25,Inside overnight range,Inside,583.36,577.83,Bearish,-0.9483,
2025-05-22,5876.75,5828.75,5852.75,5870.5,Inside overnight range,Inside,577.63,578.06,Bullish,0.0738,
2025-05-23,5872.0,5756.5,5814.25,5792.75,Inside overnight range,Inside,571.01,574.11,Bullish,0.5434,
2025-05-27,5912.5,5862.5,5887.5,5886.25,Inside overnight range,Inside,581.01,586.05,Bullish,0.8668,
2025-05-28,5945.75,5918.5,5932.12,5933.25,Inside overnight range,Inside,586.45,582.66,Bearish,-0.6474,
2025-05-29,6008.0,5916.5,5962.25,5936.25,Inside overnight range,Inside,587.94,584.96,Bearish,-0.5075,
2025-05-30,5923.0,5876.5,5899.75,5891.75,Inside overnight range,Inside,583.85,584.3,Bullish,0.0781,
2025-06-02,5909.25,5867.5,5888.38,5887.0,Inside overnight range,Inside,582.69,587.59,Bullish,0.8422,
2025-06-03,5949.5,5909.25,5929.38,5944.5,Inside overnight range,Inside,587.23,590.94,Bullish,0.6331,
2025-06-04,5996.75,5974.0,5985.38,5995.0,Inside overnight range,Inside,591.81,590.79,Bearish,-0.1725,
2025-06-05,6016.5,5971.0,5993.75,5961.25,Bearish breakdown,Bearish,592.47,587.93,Bearish,-0.7664,True
2025-06-06,5997.5,5930.0,5963.75,6019.5,Bullish breakout,Bullish,593.49,593.97,Bullish,0.0802,True
2025-06-09,6019.75,5992.25,6006.0,6004.5,Inside overnight range,Inside,594.54,594.5,Bearish,-0.0067,
2025-06-10,6040.75,5991.25,6016.0,6019.75,Inside overnight range,Inside,595.04,597.87,Bullish,0.4765,
2025-06-11,6074.75,6021.5,6048.12,6050.25,Inside overnight range,Inside,598.97,596.17,Bearish,-0.4684,
2025-06-12,6032.0,5987.75,6009.88,6021.25,Inside overnight range,Inside,594.83,598.54,Bullish,0.6233,
2025-06-13,6045.0,5927.75,5986.38,5990.0,Inside overnight range,Inside,593.33,591.85,Bearish,-0.2506,
2025-06-16,6024.25,5944.0,5984.12,6041.25,Bullish breakout,Bullish,595.22,597.48,Bullish,0.3797,True
2025-06-17,6040.5,5991.25,6015.88,6018.0,Inside overnight range,Inside,595.03,592.37,Bearish,-0.4465,
2025-06-18,6008.25,5964.75,5986.5,5999.5,Inside overnight range,Inside,593.27,592.28,Bearish,-0.1671,
2025-06-20,6002.5,5938.5,5970.5,6009.25,Bullish breakout,Bullish,594.97,590.89,Bearish,-0.6852,False
2025-06-23,6039.25,5959.0,5999.12,6041.5,Bullish breakout,Bullish,591.65,596.73,Bullish,0.8588,True
2025-06-24,6142.5,6075.25,6108.88,6116.5,Inside overnight range,Inside,600.88,603.32,Bullish,0.4054,
2025-06-25,6157.25,6138.25,6147.75,6157.0,Inside overnight range,Inside,604.44,603.66,Bearish,-0.1299,
2025-06-26,6171.0,6141.25,6156.12,6165.5,Inside overnight range,Inside,605.52,608.38,Bullish,0.4729,
2025-06-27,6220.75,6194.0,6207.38,6218.25,Inside overnight range,Inside,609.38,611.4,Bullish,0.3312,
2025-06-30,6255.0,6223.25,6239.12,6238.5,Inside overnight range,Inside,613.86,614.33,Bullish,0.0761,
2025-07-01,6257.75,6227.25,6242.5,6244.0,Inside overnight range,Inside,612.85,614.13,Bullish,0.2093,
2025-07-02,6270.75,6235.5,6253.12,6245.0,Inside overnight range,Inside,613.72,616.91,Bullish,0.5201,
2025-07-03,6295.0,6270.5,6282.75,6310.0,Bullish breakout,Bullish,618.9,621.77,Bullish,0.4643,True
2025-07-07,6315.0,6290.75,6302.88,6305.25,Inside overnight range,Inside,619.81,617.14,Bearish,-0.4299,
2025-07-08,6289.0,6254.5,6271.75,6274.0,Inside overnight range,Inside,617.81,616.8,Bearish,-0.1625,
2025-07-09,6290.25,6260.0,6275.12,6310.75,Bullish breakout,Bullish,619.22,620.5,Bullish,0.2071,True
2025-07-10,6312.25,6287.5,6299.88,6300.0,Inside overnight range,Inside,620.64,622.25,Bullish,0.2595,
2025-07-11,6330.25,6276.75,6303.5,6295.75,Inside overnight range,Inside,619.19,620.06,Bullish,0.1413,
2025-07-14,6285.75,6259.75,6272.75,6289.0,Bullish breakout,Bullish,619.61,621.25,Bullish,0.2648,True
2025-07-15,6343.0,6300.75,6321.88,6318.75,Inside overnight range,Inside,623.94,618.59,Bearish,-0.8573,
2025-07-16,6300.5,6257.25,6278.88,6281.75,Inside overnight range,Inside,620.18,620.66,Bullish,0.077,
2025-07-17,6315.0,6288.25,6301.62,6318.75,Bullish breakout,Bullish,620.84,624.46,Bullish,0.583,True
2025-07-18,6357.0,6338.5,6347.75,6345.0,Inside overnight range,Inside,625.71,624.0,Bearish,-0.2733,
2025-07-21,6354.5,6330.25,6342.38,6364.5,Bullish breakout,Bullish,625.18,625.18,Flat,0.0,False
2025-07-22,6352.0,6335.25,6343.62,6326.0,Bearish breakdown,Bearish,625.51,625.27,Bearish,-0.0381,True
2025-07-23,6374.25,6342.75,6358.5,6356.25,Inside overnight range,Inside,627.95,630.59,Bullish,0.4212,
2025-07-24,6406.75,6391.5,6399.12,6406.75,Inside overnight range,Inside,630.98,630.8,Bearish,-0.0284,
2025-07-25,6421.25,6401.0,6411.12,6406.75,Inside overnight range,Inside,631.47,633.47,Bullish,0.3165,
2025-07-28,6457.75,6433.25,6445.5,6428.0,Bearish breakdown,Bearish,633.84,633.31,Bearish,-0.0847,True
2025-07-29,6442.5,6423.25,6432.88,6432.75,Inside overnight range,Inside,634.71,631.64,Bearish,-0.4841,
2025-07-30,6417.5,6403.25,6410.38,6409.75,Inside overnight range,Inside,632.29,630.84,Bearish,-0.2296,
2025-07-31,6468.5,6431.0,6449.75,6445.5,Inside overnight range,Inside,635.81,628.48,Bearish,-1.1541,
2025-08-01,6373.5,6295.0,6334.25,6262.25,Bearish breakdown,Bearish,622.73,618.17,Bearish,-0.7313,True
2025-08-04,6310.0,6252.0,6281.0,6336.75,Bullish breakout,Bullish,622.1,627.57,Bullish,0.8791,True
2025-08-05,6377.5,6358.5,6368.0,6364.75,Inside overnight range,Inside,628.19,624.39,Bearish,-0.6046,
2025-08-06,6358.25,6313.25,6335.75,6333.5,Inside overnight range,Inside,625.46,629.17,Bullish,0.593,
2025-08-07,6426.75,6364.25,6395.5,6409.25,Inside overnight range,Inside,632.61,628.64,Bearish,-0.6271,
2025-08-08,6389.75,6369.25,6379.5,6401.0,Bullish breakout,Bullish,630.44,633.55,Bullish,0.4921,True
2025-08-11,6429.5,6408.5,6419.0,6418.5,Inside overnight range,Inside,633.82,632.29,Bearish,-0.2416,
2025-08-12,6442.0,6391.25,6416.62,6414.0,Inside overnight range,Inside,634.65,639.02,Bullish,0.6893,
2025-08-13,6488.5,6461.0,6474.75,6496.75,Bullish breakout,Bullish,641.23,641.21,Bearish,-0.0031,False
2025-08-14,6491.75,6453.25,6472.5,6479.5,Inside overnight range,Inside,639.12,641.27,Bullish,0.336,
2025-08-15,6508.75,6486.75,6497.75,6477.25,Bearish breakdown,Bearish,642.31,639.77,Bearish,-0.3947,True
2025-08-18,6484.25,6456.0,6470.12,6462.75,Inside overnight range,Inside,639.19,639.63,Bullish,0.0684,
2025-08-19,6477.5,6454.0,6465.75,6463.75,Inside overnight range,Inside,639.45,636.16,Bearish,-0.5147,
2025-08-20,6438.0,6409.0,6423.5,6387.5,Bearish breakdown,Bearish,635.75,634.47,Bearish,-0.2018,True
2025-08-21,6419.0,6384.75,6401.88,6384.0,Bearish breakdown,Bearish,632.65,631.93,Bearish,-0.1147,True
2025-08-22,6406.0,6364.0,6385.0,6414.25,Bullish breakout,Bullish,634.12,641.63,Bullish,1.1838,True
2025-08-25,6494.0,6460.75,6477.38,6473.25,Inside overnight range,Inside,640.37,638.81,Bearish,-0.2438,
2025-08-26,6463.75,6430.75,6447.25,6454.0,Inside overnight range,Inside,638.54,641.48,Bullish,0.4609,
2025-08-27,6489.25,6477.75,6483.5,6482.0,Inside overnight range,Inside,640.89,642.94,Bullish,0.3196,
2025-08-28,6506.75,6471.0,6488.88,6487.0,Inside overnight range,Inside,643.55,645.22,Bullish,0.2596,
2025-08-29,6518.0,6488.75,6503.38,6478.75,Bearish breakdown,Bearish,643.78,641.37,Bearish,-0.3738,True
2025-09-02,6472.5,6387.25,6429.88,6414.5,Inside overnight range,Inside,633.86,636.62,Bullish,0.4345,
2025-09-03,6460.25,6425.5,6442.88,6441.5,Inside overnight range,Inside,639.0,640.07,Bullish,0.1665,
2025-09-04,6473.75,6454.5,6464.12,6470.25,Inside overnight range,Inside,640.75,645.42,Bullish,0.7293,
2025-09-05,6535.75,6502.5,6519.12,6530.0,Inside overnight range,Inside,647.76,643.55,Bearish,-0.6508,
2025-09-08,6508.25,6480.25,6494.25,6501.75,Inside overnight range,Inside,644.92,645.13,Bullish,0.0324,
2025-09-09,6521.25,6504.0,6512.62,6507.5,Inside overnight range,Inside,645.27,646.62,Bullish,0.2096,
2025-09-10,6565.25,6526.75,6546.0,6552.75,Inside overnight range,Inside,649.89,648.49,Bearish,-0.2157,
2025-09-11,6562.25,6535.5,6548.88,6572.0,Bullish breakout,Bullish,650.45,653.88,Bullish,0.5274,True
2025-09-12,6596.25,6576.0,6586.12,6593.0,Inside overnight range,Inside,653.85,653.66,Bearish,-0.0289,
2025-09-15,6609.75,6585.25,6597.5,6619.5,Bullish breakout,Bullish,655.88,657.14,Bullish,0.1925,True
2025-09-16,6639.0,6614.25,6626.62,6615.25,Inside overnight range,Inside,657.7,656.24,Bearish,-0.2222,
2025-09-17,6674.5,6611.25,6642.88,6667.5,Inside overnight range,Inside,656.25,655.42,Bearish,-0.1258,
2025-09-18,6719.75,6623.25,6671.5,6688.75,Inside overnight range,Inside,658.12,658.48,Bullish,0.0559,
2025-09-19,6706.25,6679.5,6692.88,6705.75,Inside overnight range,Inside,660.38,661.74,Bullish,0.2068,
2025-09-22,6722.5,6695.25,6708.88,6717.75,Inside overnight range,Inside,660.25,664.88,Bullish,0.7007,
2025-09-23,6754.75,6744.0,6749.38,6751.75,Inside overnight range,Inside,664.76,661.26,Bearish,-0.5265,
2025-09-24,6728.75,6711.75,6720.25,6712.5,Inside overnight range,Inside,662.55,659.15,Bearish,-0.5132,
2025-09-25,6705.25,6653.5,6679.38,6636.75,Bearish breakdown,Bearish,656.0,656.11,Bullish,0.0167,False
2025-09-26,6690.25,6653.25,6671.75,6697.0,Bullish breakout,Bullish,657.57,659.87,Bullish,0.3503,True
2025-09-29,6736.0,6699.75,6717.88,6723.75,Inside overnight range,Inside,662.4,661.72,Bearish,-0.1024,
2025-09-30,6717.0,6694.25,6705.62,6708.25,Inside overnight range,Inside,660.98,664.22,Bullish,0.4902,
2025-10-01,6733.25,6680.0,6706.62,6712.75,Inside overnight range,Inside,661.22,666.48,Bullish,0.7962,
2025-10-02,6781.0,6756.0,6768.5,6768.5,Inside overnight range,Inside,668.47,667.25,Bearish,-0.1835,
2025-10-03,6787.5,6758.75,6773.12,6780.25,Inside overnight range,Inside,668.02,667.24,Bearish,-0.1164,
2025-10-06,6794.0,6764.0,6779.0,6772.5,Inside overnight range,Inside,669.64,669.63,Bearish,-0.0015,
2025-10-07,6799.5,6774.0,6786.75,6793.75,Inside overnight range,Inside,670.56,667.15,Bearish,-0.5085,
2025-10-08,6776.25,6758.25,6767.25,6773.75,Inside overnight range,Inside,668.28,671.13,Bullish,0.4267,
2025-10-09,6812.25,6794.5,6803.38,6788.75,Bearish breakdown,Bearish,671.55,669.18,Bearish,-0.3519,True
2025-10-10,6792.75,6772.5,6782.62,6797.0,Bullish breakout,Bullish,670.15,651.1,Bearish,-2.8432,False
2025-10-13,6706.25,6595.25,6650.75,6693.25,Inside overnight range,Inside,658.7,661.09,Bullish,0.3618,
2025-10-14,6718.5,6605.75,6662.12,6630.5,Inside overnight range,Inside,655.23,660.28,Bullish,0.77,
2025-10-15,6741.0,6683.5,6712.25,6747.0,Bullish breakout,Bullish,664.86,663.21,Bearish,-0.2474,False
2025-10-16,6746.5,6702.5,6724.5,6729.5,Inside overnight range,Inside,664.86,658.69,Bearish,-0.9268,
2025-10-17,6672.0,6571.5,6621.75,6666.25,Inside overnight range,Inside,657.56,662.43,Bullish,0.7415,
2025-10-20,6737.5,6694.0,6715.75,6747.5,Bullish breakout,Bullish,665.35,669.32,Bullish,0.5964,True
2025-10-21,6785.0,6764.0,6774.5,6765.25,Inside overnight range,Inside,669.46,669.31,Bearish,-0.0223,
2025-10-22,6788.75,6764.0,6776.38,6771.5,Inside overnight range,Inside,670.02,665.83,Bearish,-0.625,
2025-10-23,6751.75,6717.5,6734.62,6758.25,Bullish breakout,Bullish,666.15,669.78,Bullish,0.5448,True
2025-10-24,6837.25,6776.5,6806.88,6829.75,Inside overnight range,Inside,674.47,675.25,Bullish,0.1168,
2025-10-27,6890.0,6827.0,6858.5,6886.75,Inside overnight range,Inside,680.72,683.22,Bullish,0.3676,
2025-10-28,6918.25,6901.5,6909.88,6911.5,Inside overnight range,Inside,685.03,685.04,Bullish,0.0015,
2025-10-29,6948.5,6924.5,6936.5,6950.5,Bullish breakout,Bullish,686.69,685.36,Bearish,-0.1931,False
2025-10-30,6953.75,6890.5,6922.12,6904.25,Inside overnight range,Inside,681.89,677.83,Bearish,-0.5951,
2025-10-31,6918.5,6888.0,6903.25,6886.25,Bearish breakdown,Bearish,683.02,680.05,Bearish,-0.435,True
2025-11-03,6903.0,6873.25,6888.12,6875.75,Inside overnight range,Inside,683.65,681.33,Bearish,-0.3398,
2025-11-04,6884.0,6786.25,6835.12,6836.5,Inside overnight range,Inside,674.12,673.25,Bearish,-0.1287,
2025-11-05,6807.75,6748.5,6778.12,6822.0,Bullish breakout,Bullish,672.99,675.58,Bullish,0.3852,True
2025-11-06,6843.5,6804.0,6823.75,6788.5,Bearish breakdown,Bearish,674.48,668.34,Bearish,-0.9106,True
2025-11-07,6772.0,6712.25,6742.12,6706.0,Bearish breakdown,Bearish,665.94,668.99,Bullish,0.4581,False
2025-11-10,6823.5,6753.75,6788.62,6829.0,Bullish breakout,Bullish,675.24,679.43,Bullish,0.6202,True
2025-11-11,6867.0,6835.75,6851.38,6850.5,Inside overnight range,Inside,677.95,680.99,Bullish,0.4486,
2025-11-12,6900.5,6868.0,6884.25,6880.0,Inside overnight range,Inside,682.77,681.37,Bearish,-0.2059,
2025-11-13,6892.5,6849.25,6870.88,6829.5,Bearish breakdown,Bearish,678.5,670.06,Bearish,-1.2432,True
2025-11-14,6775.0,6677.75,6726.38,6725.0,Inside overnight range,Inside,663.42,669.95,Bullish,0.9844,
2025-11-17,6801.5,6734.5,6768.0,6765.0,Inside overnight range,Inside,667.73,663.71,Bearish,-0.6018,
2025-11-18,6708.75,6635.5,6672.12,6622.0,Bearish breakdown,Bearish,660.15,658.14,Bearish,-0.3051,True
2025-11-19,6668.75,6613.25,6641.0,6691.75,Bullish breakout,Bullish,658.83,660.68,Bullish,0.28,True
2025-11-20,6772.75,6694.0,6733.38,6784.5,Bullish breakout,Bullish,670.93,650.61,Bearish,-3.0286,False
2025-11-21,6599.0,6525.0,6562.0,6576.25,Inside overnight range,Inside,653.12,657.09,Bullish,0.6076,
2025-11-24,6669.5,6625.0,6647.25,6671.25,Bullish breakout,Bullish,660.74,666.76,Bullish,0.9114,True
2025-11-25,6732.5,6701.75,6717.12,6718.25,Inside overnight range,Inside,666.66,673.03,Bullish,0.9557,
2025-11-26,6810.75,6778.25,6794.5,6802.0,Inside overnight range,Inside,675.63,677.68,Bullish,0.3025,
2025-12-01,6864.5,6802.0,6833.25,6839.75,Inside overnight range,Inside,676.81,678.27,Bullish,0.2151,
2025-12-02,6849.0,6812.25,6830.62,6848.25,Inside overnight range,Inside,679.91,679.52,Bearish,-0.0572,
2025-12-03,6862.25,6837.25,6849.75,6832.75,Bearish breakdown,Bearish,678.56,681.88,Bullish,0.4878,False
2025-12-04,6871.25,6854.25,6862.75,6853.5,Bearish breakdown,Bearish,683.28,682.37,Bearish,-0.1328,True
2025-12-05,6886.25,6856.75,6871.5,6889.75,Bullish breakout,Bullish,683.45,683.67,Bullish,0.0321,True
2025-12-08,6893.75,6872.75,6883.25,6874.0,Inside overnight range,Inside,684.57,681.62,Bearish,-0.4311,
2025-12-09,6868.5,6844.75,6856.62,6863.0,Inside overnight range,Inside,681.14,681.03,Bearish,-0.0161,
2025-12-10,6859.25,6834.25,6846.75,6849.0,Inside overnight range,Inside,680.55,685.54,Bullish,0.734,
2025-12-11,6891.25,6817.5,6854.38,6842.75,Inside overnight range,Inside,683.12,687.14,Bullish,0.5882,
2025-12-12,6915.5,6889.5,6902.5,6889.0,Bearish breakdown,Bearish,686.14,679.75,Bearish,-0.9315,True
2025-12-15,6868.75,6821.5,6845.12,6838.0,Inside overnight range,Inside,683.72,678.72,Bearish,-0.7306,
2025-12-16,6892.0,6775.25,6833.62,6820.5,Inside overnight range,Inside,677.23,676.87,Bearish,-0.053,
2025-12-17,6882.5,6780.0,6831.25,6804.25,Inside overnight range,Inside,677.89,669.42,Bearish,-1.2487,
2025-12-18,6837.75,6771.5,6804.62,6844.5,Bullish breakout,Bullish,675.6,674.48,Bearish,-0.1668,False
2025-12-19,6854.25,6820.0,6837.12,6880.5,Bullish breakout,Bullish,676.59,680.59,Bullish,0.5912,True
2025-12-22,6919.5,6900.5,6910.0,6922.25,Bullish breakout,Bullish,683.94,684.83,Bullish,0.1301,True
2025-12-23,6936.75,6913.25,6925.0,6935.0,Inside overnight range,Inside,683.92,687.96,Bullish,0.5907,
2025-12-24,6962.75,6952.5,6957.62,6965.75,Bullish breakout,Bullish,687.95,690.38,Bullish,0.3532,True
2025-12-26,6985.5,6974.0,6979.75,6984.75,Inside overnight range,Inside,690.64,690.31,Bearish,-0.0478,
2025-12-29,6984.75,6945.75,6965.25,6951.25,Inside overnight range,Inside,687.54,687.85,Bullish,0.0451,
2025-12-30,6957.75,6943.75,6950.75,6956.0,Inside overnight range,Inside,687.45,687.01,Bearish,-0.064,
2025-12-31,6951.5,6922.25,6936.88,6932.0,Inside overnight range,Inside,687.14,681.92,Bearish,-0.7597,
2026-01-02,6938.5,6920.25,6929.38,6932.75,Inside overnight range,Inside,685.71,683.17,Bearish,-0.3704,
2026-01-05,6925.75,6899.5,6912.62,6939.0,Bullish breakout,Bullish,686.54,687.72,Bullish,0.1719,True
2026-01-06,6958.75,6931.0,6944.88,6969.0,Bullish breakout,Bullish,687.93,691.81,Bullish,0.564,True
2026-01-07,6991.5,6975.25,6983.38,6992.5,Bullish breakout,Bullish,692.19,689.58,Bearish,-0.3771,False
2026-01-08,6969.5,6935.25,6952.38,6948.25,Inside overnight range,Inside,688.82,689.51,Bullish,0.1002,
2026-01-09,6988.5,6954.25,6971.38,6979.5,Inside overnight range,Inside,690.63,694.07,Bullish,0.4981,
2026-01-12,7001.75,6950.0,6975.88,6999.75,Inside overnight range,Inside,690.68,695.16,Bullish,0.6486,
2026-01-13,7036.25,6998.75,7017.5,7005.25,Inside overnight range,Inside,695.49,693.77,Bearish,-0.2473,
2026-01-14,7002.5,6963.5,6983.0,6949.25,Bearish breakdown,Bearish,691.0,690.36,Bearish,-0.0926,True
2026-01-15,7002.0,6949.5,6975.75,6998.75,Inside overnight range,Inside,694.57,692.24,Bearish,-0.3355,
2026-01-16,7007.0,6982.75,6994.88,6979.0,Bearish breakdown,Bearish,693.66,691.66,Bearish,-0.2883,True
2026-01-20,6909.5,6846.75,6878.12,6878.75,Inside overnight range,Inside,681.49,677.58,Bearish,-0.5737,
2026-01-21,6857.5,6814.5,6836.0,6881.25,Bullish breakout,Bullish,679.65,685.4,Bullish,0.846,True
2026-01-22,6958.5,6911.25,6934.88,6936.0,Inside overnight range,Inside,689.85,688.98,Bearish,-0.1261,
2026-01-23,6963.25,6925.5,6944.38,6941.5,Inside overnight range,Inside,688.15,689.23,Bullish,0.1569,
2026-01-26,6952.5,6893.5,6923.0,6976.5,Bullish breakout,Bullish,690.49,692.73,Bullish,0.3244,True
2026-01-27,7006.5,6972.0,6989.25,7005.0,Inside overnight range,Inside,694.18,695.49,Bullish,0.1887,
2026-01-28,7043.0,7009.25,7026.12,7023.75,Inside overnight range,Inside,697.05,695.42,Bearish,-0.2338,
2026-01-29,7029.5,6985.75,7007.62,6966.5,Bearish breakdown,Bearish,696.39,694.04,Bearish,-0.3375,True
2026-01-30,6995.0,6917.5,6956.25,6965.25,Inside overnight range,Inside,691.79,691.97,Bullish,0.026,
2026-02-03,7027.25,7002.5,7014.88,6981.5,Bearish breakdown,Bearish,696.21,689.53,Bearish,-0.9595,True
2026-02-04,6965.75,6931.25,6948.5,6928.0,Bearish breakdown,Bearish,690.35,686.19,Bearish,-0.6026,True
2026-02-05,6935.25,6855.25,6895.25,6850.0,Bearish breakdown,Bearish,680.94,677.62,Bearish,-0.4876,True
2026-02-06,6870.0,6751.5,6810.75,6890.25,Bullish breakout,Bullish,681.46,690.62,Bullish,1.3442,True
