entry_date,exit_date,ticker,entry_price,exit_price,shares,pnl,return_pct,exit_reason
2020-01-02,2020-01-09,XLK,88.83303833007812,89.95547485351562,187,209.8956298828125,1.2635349916399807,REBALANCE
2020-01-02,2020-01-09,XLF,27.88217544555664,27.7386417388916,597,-85.68962287902832,-0.5147866132085177,REBALANCE
2020-01-02,2020-01-09,XLV,93.08026123046875,93.66352844238281,179,104.40483093261719,0.6266282498604836,REBALANCE
2020-01-09,2020-01-16,XLC,52.44139099121094,53.255767822265625,318,258.9718322753906,1.5529275933797715,REBALANCE
2020-01-09,2020-01-16,XLK,89.95547485351562,91.76276397705078,185,334.3484878540039,2.009092972360116,REBALANCE
2020-01-09,2020-01-16,XLU,53.6441650390625,55.37301254272461,311,537.671573638916,3.2228062500426757,REBALANCE
2020-01-16,2020-01-24,XLRE,32.65446853637695,33.02610778808594,516,191.76585388183594,1.1380961576360704,REBALANCE
2020-01-16,2020-01-24,XLU,55.37301254272461,57.093509674072266,304,523.0311279296875,3.1071040789412585,REBALANCE
2020-01-16,2020-01-24,XLK,91.76276397705078,92.6759033203125,183,167.10449981689453,0.995108804144218,REBALANCE
2020-01-24,2020-01-31,XLU,57.093509674072266,57.611324310302734,298,154.3087615966797,0.906958845561423,REBALANCE
2020-01-24,2020-01-31,XLK,92.6759033203125,90.67837524414062,183,-365.5476379394531,-2.155390996587203,REBALANCE
2020-01-24,2020-01-31,XLRE,33.02610778808594,32.39845657348633,515,-323.2403755187988,-1.9004698301930412,REBALANCE
2020-01-31,2020-02-07,XLU,57.611324310302734,57.285587310791016,291,-94.78946685791016,-0.5654044641592582,REBALANCE
2020-01-31,2020-02-07,XLP,54.317527770996094,55.246036529541016,309,286.90920639038086,1.7094090925116046,REBALANCE
2020-01-31,2020-02-07,XLRE,32.39845657348633,32.98481369018555,519,304.31934356689453,1.8098304015478073,REBALANCE
2020-02-07,2020-02-14,XLK,94.82563018798828,96.98487854003906,178,384.34620666503906,2.2770725043114837,REBALANCE
2020-02-07,2020-02-14,XLC,52.89592742919922,53.918617248535156,319,326.23805236816406,1.9333999213924313,REBALANCE
2020-02-07,2020-02-14,XLB,53.502986907958984,53.8769416809082,315,117.7957534790039,0.6989418620544141,REBALANCE
2020-02-14,2020-02-24,XLRE,34.58698654174805,34.165794372558594,492,-207.22654724121094,-1.2177764277933156,REBALANCE
2020-02-14,2020-02-24,XLK,96.98487854003906,90.67837524414062,175,-1103.6380767822266,-6.502563482919532,REBALANCE
2020-02-14,2020-02-24,XLU,58.7889404296875,58.05397415161133,289,-212.40525436401367,-1.250177793143259,REBALANCE
2020-02-24,2020-02-27,XLRE,34.165794372558594,31.15140724182129,483,-1455.9489841461182,-8.822821731779818,STOP_LOSS
2020-02-24,2020-02-27,XLU,58.05397415161133,53.727691650390625,284,-1228.6642303466797,-7.452172851978,STOP_LOSS
2020-02-24,2020-02-27,XLP,54.300331115722656,50.86143112182617,304,-1045.4255981445312,-6.333110541384435,STOP_LOSS
2020-03-02,2020-03-09,XLK,88.91866302490234,78.15100860595703,171,-1841.2689056396484,-12.109555016509576,REBALANCE
2020-03-02,2020-03-09,XLV,88.35926055908203,83.93899536132812,172,-760.2856140136719,-5.002605465216936,REBALANCE
2020-03-02,2020-03-09,XLP,52.520694732666016,50.603511810302734,290,-555.9830474853516,-3.6503380850574696,REBALANCE
2020-03-09,2020-03-12,XLU,53.00107955932617,45.676475524902344,402,-2944.490821838379,-13.819726117512598,STOP_LOSS
2020-03-09,2020-03-12,XLP,50.603511810302734,44.851932525634766,421,-2421.414878845215,-11.365968643103075,STOP_LOSS
2020-03-16,2020-03-23,XLP,45.367767333984375,42.047943115234375,411,-1364.44775390625,-7.3175834162400255,REBALANCE
2020-03-16,2020-03-23,XLV,74.47879028320312,68.33800506591797,250,-1535.196304321289,-8.245012028169397,REBALANCE
2020-03-23,2020-03-26,XLP,42.047943115234375,46.48358917236328,409,1814.1792373657227,10.549020305161672,TAKE_PROFIT
2020-03-23,2020-03-26,XLV,68.33800506591797,79.53839111328125,251,2811.2968978881836,16.389688338955068,TAKE_PROFIT
2020-03-30,2020-04-01,XLU,48.70658493041992,43.93209457397461,376,-1795.2083740234375,-9.80255619084347,STOP_LOSS
2020-03-30,2020-04-01,XLRE,26.64215850830078,24.229219436645508,689,-1662.5150203704834,-9.056845266135195,STOP_LOSS
2020-04-06,2020-04-14,XLV,83.64122009277344,88.94377899169922,198,1049.9066619873047,6.3396479547336515,REBALANCE
2020-04-06,2020-04-14,XLP,49.63957214355469,52.00871276855469,335,793.662109375,4.772685425548362,REBALANCE
2020-04-14,2020-04-20,XLRE,29.146623611450195,27.67389488220215,586,-863.0190353393555,-5.0528278982869494,STOP_LOSS
2020-04-14,2020-04-21,XLU,51.144447326660156,48.31855392456055,334,-943.8483963012695,-5.525318093771936,REBALANCE
2020-04-21,2020-04-28,XLV,88.7789535522461,91.15089416503906,182,431.6931915283203,2.6717375209847294,REBALANCE
2020-04-21,2020-04-28,XLU,48.31855392456055,49.8959846496582,335,528.4392929077148,3.2646480429867397,REBALANCE
2020-04-28,2020-05-05,XLV,91.15089416503906,91.48973083496094,180,60.9906005859375,0.3717315919121722,REBALANCE
2020-04-28,2020-05-05,XLRE,28.347854614257812,27.515804290771484,579,-481.757137298584,-2.9351438929274054,REBALANCE
2020-05-05,2020-05-12,XLV,91.48973083496094,91.19670104980469,177,-51.86627197265625,-0.320287077557202,REBALANCE
2020-05-05,2020-05-12,XLRE,27.515804290771484,26.251094818115234,588,-743.649169921875,-4.596302035337629,REBALANCE
2020-05-12,2020-05-19,XLV,91.19670104980469,91.6087875366211,173,71.29096221923828,0.4518655631976731,REBALANCE
2020-05-12,2020-05-19,XLP,49.760623931884766,49.483943939208984,317,-87.70755767822266,-0.5560219523262355,REBALANCE
2020-05-19,2020-05-27,XLV,91.6087875366211,92.01175689697266,172,69.31072998046875,0.4398806830518076,REBALANCE
2020-05-19,2020-05-27,XLU,47.34003448486328,48.529441833496094,333,396.07264709472656,2.5124767262540093,REBALANCE
2020-05-27,2020-06-03,XLRE,28.672351837158203,30.30316925048828,554,903.4728469848633,5.687769955503286,REBALANCE
2020-05-27,2020-06-03,XLP,50.71174240112305,51.77526092529297,313,332.88129806518555,2.097183953486814,REBALANCE
2020-06-03,2020-06-10,XLU,51.89520263671875,51.63370895385742,312,-81.58602905273438,-0.5038879695525189,REBALANCE
2020-06-03,2020-06-10,XLRE,30.30316925048828,30.552776336669922,534,133.2901840209961,0.823699607517514,REBALANCE
2020-06-10,2020-06-11,XLRE,30.552776336669922,28.664031982421875,530,-1001.0345077514648,-6.181907442503498,STOP_LOSS
2020-06-10,2020-06-17,XLU,51.63370895385742,49.90441131591797,313,-541.2701606750488,-3.349164088686407,REBALANCE
2020-06-17,2020-06-24,XLRE,30.086828231811523,28.47380828857422,512,-825.8662109375,-5.36121631303037,REBALANCE
2020-06-17,2020-06-24,XLP,51.55044937133789,50.46208953857422,299,-325.4195899963379,-2.1112518824497384,REBALANCE
2020-06-24,2020-07-01,XLP,50.46208953857422,51.14176559448242,294,199.82476043701172,1.346904304049179,REBALANCE
2020-06-24,2020-07-01,XLV,89.89998626708984,92.7418212890625,165,468.9027786254883,3.161107292641474,REBALANCE
2020-07-01,2020-07-09,XLRE,29.983016967773438,29.312265396118164,500,-335.3757858276367,-2.237104999727735,REBALANCE
2020-07-01,2020-07-09,XLV,92.7418212890625,92.84297943115234,161,16.286460876464844,0.109075000559411,REBALANCE
2020-07-09,2020-07-16,XLP,51.586181640625,53.38124084472656,287,515.1819915771484,3.479728770403745,REBALANCE
2020-07-09,2020-07-16,XLV,92.84297943115234,96.07112121582031,159,513.274543762207,3.476990726112783,REBALANCE
2020-07-16,2020-07-23,XLV,96.07112121582031,97.73575592041016,157,261.34764862060547,1.7327108120767098,REBALANCE
2020-07-16,2020-07-23,XLP,53.38124084472656,54.20905685424805,283,234.27193069458008,1.5507620213052187,REBALANCE
2020-07-23,2020-07-30,XLU,51.613975524902344,51.65650177001953,295,12.545242309570312,0.08239288813680634,REBALANCE
2020-07-23,2020-07-30,XLV,97.73575592041016,97.61620330810547,155,-18.530654907226562,-0.12232228745643337,REBALANCE
2020-07-30,2020-08-06,XLRE,30.43577766418457,30.1926326751709,500,-121.57249450683594,-0.7988788448135997,REBALANCE
2020-07-30,2020-08-06,XLP,54.68831253051758,55.04559326171875,278,99.32404327392578,0.6533036304636308,REBALANCE
2020-08-06,2020-08-13,XLP,55.04559326171875,55.916969299316406,275,239.62841033935547,1.5830078049202445,REBALANCE
2020-08-06,2020-08-13,XLU,51.37580490112305,51.809608459472656,295,127.97204971313477,0.8443732593280018,REBALANCE
2020-08-13,2020-08-20,XLP,55.916969299316406,55.890838623046875,273,-7.133674621582031,-0.046731209858064116,REBALANCE
2020-08-13,2020-08-20,XLU,51.809608459472656,50.45716094970703,294,-397.61956787109375,-2.610418318107066,REBALANCE
2020-08-20,2020-08-27,XLP,55.890838623046875,56.805789947509766,269,246.12190628051758,1.637032735604027,REBALANCE
2020-08-20,2020-08-27,XLRE,29.999788284301758,30.427400588989258,502,214.661376953125,1.425384408166841,REBALANCE
2020-08-27,2020-09-03,XLP,56.805789947509766,57.241485595703125,267,116.33073806762695,0.7669916193330906,REBALANCE
2020-08-27,2020-09-03,XLV,99.10608673095703,97.91050720214844,153,-182.92366790771484,-1.20636337105533,REBALANCE
2020-09-03,2020-09-11,XLP,57.241485595703125,56.335243225097656,264,-239.24798583984375,-1.5831915632069093,REBALANCE
2020-09-03,2020-09-11,XLU,50.78889846801758,50.12543487548828,297,-197.04868698120117,-1.3063161685758717,REBALANCE
2020-09-11,2020-09-18,XLP,56.335243225097656,55.49871063232422,264,-220.8446044921875,-1.4849187557971821,REBALANCE
2020-09-11,2020-09-18,XLRE,29.806943893432617,29.848867416381836,500,20.961761474609375,0.14065018909388272,REBALANCE
2020-09-18,2020-09-25,XLV,97.06437683105469,95.12350463867188,152,-295.0125732421875,-1.9995720940556794,REBALANCE
2020-09-18,2020-09-25,XLRE,29.848867416381836,29.244077682495117,496,-299.9757080078125,-2.0261731390008975,REBALANCE
2020-09-25,2020-10-02,XLU,50.37636947631836,52.066444396972656,288,486.7415771484375,3.3548962305606223,REBALANCE
2020-09-25,2020-10-02,XLP,55.259403228759766,56.188575744628906,262,243.44319915771484,1.6814740326141608,REBALANCE
2020-10-02,2020-10-09,XLRE,30.7286376953125,31.150388717651367,478,201.59698867797852,1.3725015294225207,REBALANCE
2020-10-02,2020-10-09,XLU,52.066444396972656,54.46001052856445,282,674.9856491088867,4.597137675356544,REBALANCE
2020-10-09,2020-10-16,XLU,54.46001052856445,54.90611267089844,273,121.78588485717773,0.8191370842647983,REBALANCE
2020-10-09,2020-10-16,XLV,100.05418395996094,99.64791107177734,149,-60.53466033935547,-0.40605287265764733,REBALANCE
2020-10-16,2020-10-23,XLU,54.90611267089844,55.549556732177734,271,174.37334060668945,1.17189877406918,REBALANCE
2020-10-16,2020-10-23,XLP,58.00308609008789,57.31936264038086,257,-175.71692657470703,-1.1787708134100017,REBALANCE
2020-10-23,2020-10-29,XLV,99.5555648803711,93.89543914794922,149,-843.3587341308594,-5.685393618350965,STOP_LOSS
2020-10-23,2020-10-30,XLU,55.549556732177734,53.51631164550781,267,-542.8764381408691,-3.660236384014459,REBALANCE
2020-10-30,2020-11-06,XLU,53.51631164550781,55.017642974853516,264,396.3514709472656,2.805371452521843,REBALANCE
2020-10-30,2020-11-06,XLP,54.57568359375,57.056373596191406,259,642.4987106323242,4.545412607026877,REBALANCE
2020-11-06,2020-11-13,XLV,101.49461364746094,103.52598571777344,142,288.454833984375,2.0014580058094644,REBALANCE
2020-11-06,2020-11-13,XLP,57.056373596191406,59.19523239135742,253,541.131275177002,3.7486763710282256,REBALANCE
2020-11-13,2020-11-20,XLRE,31.639623641967773,31.1588191986084,462,-222.13165283203125,-1.5196275682673455,REBALANCE
2020-11-13,2020-11-20,XLP,59.19523239135742,58.292354583740234,247,-223.0108184814453,-1.5252542665057711,REBALANCE
2020-11-20,2020-11-30,XLRE,31.1588191986084,30.787677764892578,462,-171.46734237670898,-1.191128044198786,REBALANCE
2020-11-20,2020-11-30,XLP,58.292354583740234,58.651756286621094,247,88.77222061157227,0.6165503271351902,REBALANCE
2020-11-30,2020-12-07,XLV,101.32839965820312,103.27667236328125,141,274.7064514160156,1.9227311510395584,REBALANCE
2020-11-30,2020-12-07,XLP,58.651756286621094,59.05498123168945,244,98.38688659667969,0.68748997574406,REBALANCE
2020-12-07,2020-12-14,XLRE,31.175689697265625,30.374364852905273,463,-371.0134029388428,-2.5703516173713914,REBALANCE
2020-12-07,2020-12-14,XLV,103.27667236328125,102.3440933227539,139,-129.62848663330078,-0.9029909844954553,REBALANCE
2020-12-14,2020-12-21,XLP,58.783233642578125,58.904144287109375,241,29.13946533203125,0.20568899844202182,REBALANCE
2020-12-14,2020-12-21,XLV,102.3440933227539,103.29456329345703,138,131.16485595703125,0.9287003674024463,REBALANCE
2020-12-21,2020-12-29,XLV,103.29456329345703,104.1011734008789,137,110.50558471679688,0.7808834092558392,REBALANCE
2020-12-21,2020-12-29,XLP,58.904144287109375,59.266544342041016,241,87.33841323852539,0.6152369401467572,REBALANCE
2020-12-29,2021-01-06,XLV,104.1011734008789,106.92901611328125,137,387.4144515991211,2.7164369238305452,REBALANCE
2020-12-29,2021-01-06,XLP,59.266544342041016,59.01904296875,241,-59.647830963134766,-0.4176072285615784,REBALANCE
2021-01-06,2021-01-13,XLV,106.92901611328125,108.4588394165039,134,204.99632263183594,1.4306905261355363,REBALANCE
2021-01-06,2021-01-13,XLU,54.18486404418945,54.17621994018555,264,-2.28204345703125,-0.015952986422296256,REBALANCE
2021-01-13,2021-01-21,XLV,108.4588394165039,109.34890747070312,132,117.48898315429688,0.8206505426276767,REBALANCE
2021-01-13,2021-01-21,XLRE,30.391887664794922,31.38301658630371,474,469.795108795166,3.261162756457825,REBALANCE
2021-01-21,2021-01-28,XLRE,31.38301658630371,31.74187469482422,463,166.15130424499512,1.143478695024891,REBALANCE
2021-01-21,2021-01-28,XLV,109.34890747070312,107.5594711303711,133,-237.99503326416016,-1.636446473698383,REBALANCE
2021-01-28,2021-02-04,XLRE,31.74187469482422,32.30580139160156,456,257.15057373046875,1.7766017357169428,REBALANCE
2021-01-28,2021-02-04,XLU,54.06373977661133,54.72126007080078,267,175.55791854858398,1.2161946193627982,REBALANCE
2021-02-04,2021-02-11,XLRE,32.30580139160156,32.792816162109375,451,219.64366149902344,1.507514902987106,REBALANCE
2021-02-04,2021-02-11,XLU,54.72126007080078,54.574188232421875,266,-39.12110900878906,-0.26876544543861236,REBALANCE
2021-02-11,2021-02-19,XLRE,32.792816162109375,32.5450325012207,445,-110.26372909545898,-0.7556034823717694,REBALANCE
2021-02-11,2021-02-19,XLV,107.93035888671875,106.0760269165039,135,-250.3348159790039,-1.7180819088733923,REBALANCE
2021-02-19,2021-02-26,XLRE,32.5450325012207,31.90421485900879,443,-283.88221549987793,-1.9690182893130515,REBALANCE
2021-02-19,2021-02-26,XLP,57.401485443115234,55.951866149902344,251,-363.85444259643555,-2.5254037975192434,REBALANCE
2021-02-26,2021-03-05,XLRE,31.90421485900879,31.477001190185547,442,-188.82844161987305,-1.3390508768549414,REBALANCE
2021-02-26,2021-03-05,XLV,104.40715026855469,104.78726959228516,135,51.31610870361328,0.36407403396485627,REBALANCE
2021-03-05,2021-03-12,XLP,57.18935012817383,58.471031188964844,245,314.0118598937988,2.241118421381749,REBALANCE
2021-03-05,2021-03-12,XLU,51.63264465332031,53.994529724121094,271,640.0708541870117,4.5744026606796995,REBALANCE
2021-03-12,2021-03-19,XLRE,33.34819030761719,33.01496887207031,428,-142.6187744140625,-0.9992189455352962,REBALANCE
2021-03-12,2021-03-19,XLU,53.994529724121094,53.81285095214844,264,-47.96319580078125,-0.33647625583725915,REBALANCE
2021-03-19,2021-03-26,XLP,58.67432403564453,60.94672775268555,241,547.6492958068848,3.8729099216559204,REBALANCE
2021-03-19,2021-03-26,XLV,106.68797302246094,108.87247467041016,132,288.3542175292969,2.0475613005500826,REBALANCE
2021-03-26,2021-04-05,XLRE,34.440574645996094,34.803016662597656,417,151.13832092285156,1.0523692485592706,REBALANCE
2021-03-26,2021-04-05,XLP,60.94672775268555,61.1866569519043,236,56.623291015625,0.3936703545305287,REBALANCE
2021-04-05,2021-04-12,XLU,56.37628173828125,56.55059051513672,256,44.623046875,0.30918813990725713,REBALANCE
2021-04-05,2021-04-12,XLRE,34.803016662597656,35.018760681152344,414,89.31802368164062,0.6199003398074554,REBALANCE
2021-04-12,2021-04-19,XLP,61.577693939208984,61.799869537353516,235,52.211265563964844,0.3608053240250708,REBALANCE
2021-04-12,2021-04-19,XLRE,35.018760681152344,35.838558197021484,413,338.5763740539551,2.3410237824617486,REBALANCE
2021-04-19,2021-04-26,XLU,58.285125732421875,57.70113754272461,249,-145.41305923461914,-1.0019506389644994,REBALANCE
2021-04-19,2021-04-26,XLRE,35.838558197021484,36.528934478759766,406,280.2927703857422,1.9263506024515653,REBALANCE
2021-04-26,2021-05-03,XLRE,36.528934478759766,36.710140228271484,398,72.11988830566406,0.49606086817857165,REBALANCE
2021-04-26,2021-05-03,XLV,114.67801666259766,114.16629791259766,127,-64.98828125,-0.4462221835467961,REBALANCE
2021-05-03,2021-05-10,XLRE,36.710140228271484,36.72740936279297,396,6.8385772705078125,0.04704186476569561,REBALANCE
2021-05-03,2021-05-10,XLP,62.34197235107422,63.257328033447266,233,213.27787399291992,1.4682815571157803,REBALANCE
2021-05-10,2021-05-17,XLV,115.5804672241211,114.64078521728516,126,-118.39993286132812,-0.813011081720072,REBALANCE
2021-05-10,2021-05-17,XLP,63.257328033447266,62.928504943847656,230,-75.62931060791016,-0.5198181773117927,REBALANCE
2021-05-17,2021-05-24,XLP,62.928504943847656,63.3017578125,230,85.84815979003906,0.5931379888738819,REBALANCE
2021-05-17,2021-05-24,XLV,114.64078521728516,115.81307983398438,126,147.70912170410156,1.0225807634493211,REBALANCE
2021-05-24,2021-06-01,XLRE,36.934513092041016,37.970069885253906,394,408.0093765258789,2.8037645728056004,REBALANCE
2021-05-24,2021-06-01,XLP,63.3017578125,62.71522903442383,230,-134.90161895751953,-0.9265600172012167,REBALANCE
2021-06-01,2021-06-08,XLRE,37.970069885253906,39.02286911010742,384,404.27490234375,2.7727081568063694,REBALANCE
2021-06-01,2021-06-08,XLP,62.71522903442383,62.919639587402344,232,47.423248291015625,0.3259344757655436,REBALANCE
2021-06-08,2021-06-15,XLRE,39.02286911010742,39.07464599609375,377,19.519886016845703,0.13268344221495365,REBALANCE
2021-06-08,2021-06-15,XLP,62.919639587402344,62.8574104309082,233,-14.499393463134766,-0.09890259528219092,REBALANCE
2021-06-15,2021-06-22,XLRE,39.07464599609375,38.841102600097656,376,-87.81231689453125,-0.5976852509922748,REBALANCE
2021-06-15,2021-06-22,XLU,57.91904830932617,56.2519645690918,254,-423.43927001953125,-2.878299607636925,REBALANCE
2021-06-22,2021-06-29,XLRE,38.841102600097656,38.80636215209961,372,-12.923446655273438,-0.08944248662487997,REBALANCE
2021-06-22,2021-06-29,XLV,116.7600326538086,117.71269989013672,123,117.17807006835938,0.8159189533226474,REBALANCE
2021-06-29,2021-07-07,XLV,117.71269989013672,120.468017578125,123,338.9040756225586,2.3407140355797385,REBALANCE
2021-06-29,2021-07-07,XLRE,38.80636215209961,39.38828659057617,373,217.0578155517578,1.4995593665691587,REBALANCE
2021-07-07,2021-07-14,XLK,146.2544403076172,148.00466918945312,66,115.51510620117188,1.1967013638387147,REBALANCE
2021-07-07,2021-07-14,XLY,174.98106384277344,174.94244384765625,55,-2.1240997314453125,-0.02207095686187488,REBALANCE
2021-07-07,2021-07-14,XLV,120.468017578125,120.2251968383789,80,-19.4256591796875,-0.2015644854358345,REBALANCE
2021-07-14,2021-07-21,XLK,148.00466918945312,146.86361694335938,65,-74.16839599609375,-0.7709569247664416,REBALANCE
2021-07-14,2021-07-21,XLY,174.94244384765625,174.61419677734375,55,-18.0535888671875,-0.18763146500819783,REBALANCE
2021-07-14,2021-07-21,XLRE,40.048377990722656,40.11785888671875,243,16.88385772705078,0.17349240963564494,REBALANCE
2021-07-21,2021-07-28,XLK,146.86361694335938,147.74359130859375,66,58.07830810546875,0.5991779199975289,REBALANCE
2021-07-21,2021-07-28,XLI,96.85485076904297,96.1065673828125,100,-74.82833862304688,-0.7725822509548896,REBALANCE
2021-07-21,2021-07-28,XLY,174.61419677734375,175.86924743652344,55,69.02778625488281,0.718756368235085,REBALANCE
2021-07-28,2021-08-04,XLC,80.10868072509766,78.66140747070312,121,-175.12006378173828,-1.8066372349346493,REBALANCE
2021-07-28,2021-08-04,XLU,58.281036376953125,58.64117431640625,166,59.78289794921875,0.6179333138892851,REBALANCE
2021-07-28,2021-08-04,XLV,123.01786041259766,124.78314971923828,79,139.45785522460938,1.4349861887695825,REBALANCE
2021-08-04,2021-08-11,XLV,124.78314971923828,123.12061309814453,77,-128.01531982421875,-1.3323406444174957,REBALANCE
2021-08-04,2021-08-11,XLK,149.04898071289062,148.20774841308594,65,-54.68009948730469,-0.56439990114735,REBALANCE
2021-08-04,2021-08-11,XLU,58.64117431640625,59.844566345214844,165,198.55968475341797,2.0521281213018217,REBALANCE
2021-08-11,2021-08-18,XLF,36.01214599609375,35.0283088684082,268,-263.66835021972656,-2.731959177862553,REBALANCE
2021-08-11,2021-08-18,XLB,79.4017333984375,77.13470458984375,121,-274.31048583984375,-2.855137679700026,REBALANCE
2021-08-11,2021-08-18,XLU,59.844566345214844,60.42431640625,161,93.33975982666016,0.9687597328232878,REBALANCE
2021-08-18,2021-08-25,XLV,125.83857727050781,126.38031768798828,75,40.630531311035156,0.43050424538408905,REBALANCE
2021-08-18,2021-08-25,XLU,60.42431640625,60.35402297973633,157,-11.036067962646484,-0.11633301077180747,REBALANCE
2021-08-18,2021-08-25,XLP,64.4553451538086,64.27644348144531,147,-26.298545837402344,-0.27755909449614924,REBALANCE
2021-08-25,2021-09-01,XLK,152.27865600585938,153.6517791748047,62,85.13363647460938,0.9017174205244283,REBALANCE
2021-08-25,2021-09-01,XLF,35.900760650634766,35.43669509887695,264,-122.5133056640625,-1.2926343156732134,REBALANCE
2021-08-25,2021-09-01,XLC,80.63583374023438,82.47608947753906,117,215.30992126464844,2.282181075020584,REBALANCE
2021-09-01,2021-09-09,XLRE,42.12418746948242,41.212215423583984,225,-205.19371032714844,-2.16496056228771,REBALANCE
2021-09-01,2021-09-09,XLC,82.47608947753906,81.28759002685547,115,-136.67743682861328,-1.4410230385707878,REBALANCE
2021-09-01,2021-09-09,XLK,153.6517791748047,152.9652099609375,61,-41.88072204589844,-0.44683453556766395,REBALANCE
2021-09-09,2021-09-16,XLK,152.9652099609375,152.72349548339844,61,-14.744583129882812,-0.15801924999860884,REBALANCE
2021-09-09,2021-09-16,XLY,177.66488647460938,178.36964416503906,52,36.64739990234375,0.3966780968452044,REBALANCE
2021-09-09,2021-09-16,XLU,60.97768783569336,59.23847961425781,153,-266.0988578796387,-2.852204278591064,REBALANCE
2021-09-16,2021-09-23,XLE,42.3531379699707,43.58372497558594,219,269.4985542297363,2.905539151521075,REBALANCE
2021-09-16,2021-09-23,XLY,178.36964416503906,178.10475158691406,52,-13.7744140625,-0.14850765631393426,REBALANCE
2021-09-16,2021-09-23,XLK,152.72349548339844,151.69407653808594,60,-61.76513671875,-0.6740409797812652,REBALANCE
2021-09-23,2021-09-30,XLE,43.58372497558594,44.938167572021484,213,288.4962730407715,3.107679752463244,REBALANCE
2021-09-23,2021-09-30,XLY,178.10475158691406,173.50245666503906,52,-239.3193359375,-2.5840382588721122,REBALANCE
2021-09-23,2021-09-30,XLF,35.440975189208984,34.98420333862305,262,-119.67422485351562,-1.2888241594577132,REBALANCE
2021-09-30,2021-10-07,XLE,44.938167572021484,47.34511947631836,205,493.4251403808594,5.356141637149103,REBALANCE
2021-09-30,2021-10-07,XLF,34.98420333862305,36.19601821899414,264,319.91912841796875,3.4638915988497887,REBALANCE
2021-09-30,2021-10-07,XLP,61.958927154541016,63.1199951171875,149,172.99912643432617,1.873931676948648,REBALANCE
2021-10-07,2021-10-14,XLE,47.34511947631836,49.21717834472656,198,370.6676559448242,3.9540693721231257,REBALANCE
2021-10-07,2021-10-14,XLF,36.19601821899414,36.28923797607422,260,24.237136840820312,0.2575414691087685,REBALANCE
2021-10-07,2021-10-14,XLY,177.38926696777344,179.99009704589844,53,137.843994140625,1.4661710500204705,REBALANCE
2021-10-14,2021-10-21,XLE,49.21717834472656,49.527748107910156,193,59.939964294433594,0.6310190336558996,REBALANCE
2021-10-14,2021-10-21,XLB,77.34284973144531,78.34765625,122,122.58639526367188,1.2991589035620477,REBALANCE
2021-10-14,2021-10-21,XLY,179.99009704589844,187.02882385253906,52,366.0137939453125,3.910618929687959,REBALANCE
2021-10-21,2021-10-28,XLY,187.02882385253906,193.98048400878906,51,354.53466796875,3.7168924089107103,REBALANCE
2021-10-21,2021-10-28,XLE,49.527748107910156,49.90734100341797,193,73.26142883300781,0.7664247013225101,REBALANCE
2021-10-21,2021-10-28,XLF,37.342594146728516,37.67816925048828,256,85.9072265625,0.8986389709327858,REBALANCE
2021-10-28,2021-11-04,XLY,193.98048400878906,202.95289611816406,49,439.648193359375,4.625420003059921,REBALANCE
2021-10-28,2021-11-04,XLRE,42.272830963134766,42.0195426940918,228,-57.749725341796875,-0.5991750807128438,REBALANCE
2021-10-28,2021-11-04,XLK,155.80128479003906,161.0127410888672,62,323.11029052734375,3.344937948266069,REBALANCE
2021-11-04,2021-11-11,XLY,202.95289611816406,196.37831115722656,48,-315.580078125,-3.23946348472387,REBALANCE
2021-11-04,2021-11-11,XLK,161.0127410888672,160.12158203125,60,-53.46954345703125,-0.5534711424640237,REBALANCE
2021-11-04,2021-11-11,XLB,80.32962036132812,82.44064331054688,121,255.43377685546875,2.6279508601226187,REBALANCE
2021-11-11,2021-11-18,XLB,82.44064331054688,81.55567169189453,117,-103.54167938232422,-1.073465202495727,REBALANCE
2021-11-11,2021-11-18,XLI,99.52295684814453,99.71063995361328,97,18.20526123046875,0.18858272645085883,REBALANCE
2021-11-11,2021-11-18,XLK,160.12158203125,164.74212646484375,60,277.232666015625,2.8856475029655826,REBALANCE
2021-11-18,2021-11-26,XLY,203.5330810546875,197.30650329589844,47,-292.64915466308594,-3.0592460579496827,REBALANCE
2021-11-18,2021-11-26,XLK,164.74212646484375,160.7899627685547,59,-233.1776580810547,-2.3990000500160202,REBALANCE
2021-11-18,2021-11-26,XLRE,42.33396530151367,41.748783111572266,229,-134.00672149658203,-1.382299498224615,REBALANCE
2021-11-26,2021-12-03,XLP,64.76705932617188,64.41603088378906,146,-51.250152587890625,-0.5419860744564686,REBALANCE
2021-11-26,2021-12-03,XLU,59.085201263427734,59.65162658691406,160,90.6280517578125,0.9586585327194808,REBALANCE
2021-11-26,2021-12-03,XLK,160.7899627685547,159.95687866210938,59,-49.15196228027344,-0.5181194721989413,REBALANCE
2021-12-03,2021-12-10,XLU,59.65162658691406,61.20045471191406,158,244.71484375,2.5964558112146596,REBALANCE
2021-12-03,2021-12-10,XLRE,41.75752258300781,42.962825775146484,227,273.6038246154785,2.8864336713048777,REBALANCE
2021-12-03,2021-12-10,XLK,159.95687866210938,169.4014434814453,59,557.2293243408203,5.904444309198165,REBALANCE
2021-12-10,2021-12-17,XLK,169.4014434814453,162.62071228027344,57,-386.5016784667969,-4.00275880879054,REBALANCE
2021-12-10,2021-12-17,XLE,49.38108825683594,46.90513229370117,195,-482.8114128112793,-5.013976100034634,REBALANCE
2021-12-10,2021-12-17,XLP,66.7741470336914,67.68318939208984,144,130.902099609375,1.3613687314339984,REBALANCE
2021-12-17,2021-12-27,XLV,129.27194213867188,132.4503173828125,72,228.843017578125,2.4586737010039883,REBALANCE
2021-12-17,2021-12-27,XLU,61.96159362792969,62.49320602416992,151,80.27347183227539,0.8579708253349416,REBALANCE
2021-12-17,2021-12-27,XLRE,43.71395492553711,44.872310638427734,214,247.88812255859375,2.649853381749101,REBALANCE
2021-12-27,2022-01-03,XLK,171.43972778320312,170.34303283691406,55,-60.31822204589844,-0.6396970879911201,REBALANCE
2021-12-27,2022-01-03,XLE,49.0242805480957,50.003013610839844,193,188.89548110961914,1.996425142402547,REBALANCE
2021-12-27,2022-01-03,XLB,83.0530014038086,82.85844421386719,114,-22.179519653320312,-0.23425666339914608,REBALANCE
2022-01-03,2022-01-07,XLY,203.6441650390625,193.15744018554688,46,-482.38934326171875,-5.149533673849227,STOP_LOSS
2022-01-03,2022-01-10,XLE,50.003013610839844,53.437339782714844,189,649.087646484375,6.868238379797353,REBALANCE
2022-01-03,2022-01-10,XLP,69.86897277832031,69.60618591308594,135,-35.476226806640625,-0.376113823897406,REBALANCE
2022-01-10,2022-01-18,XLE,53.437339782714844,56.60075378417969,176,556.7608642578125,5.9198568160911735,REBALANCE
2022-01-10,2022-01-18,XLF,38.43001937866211,37.39036178588867,245,-254.7161102294922,-2.705326746076786,REBALANCE
2022-01-10,2022-01-18,XLP,69.60618591308594,68.79966735839844,135,-108.8800048828125,-1.158688044902445,REBALANCE
2022-01-18,2022-01-25,XLE,56.60075378417969,57.07265090942383,166,78.33492279052734,0.8337294005721141,REBALANCE
2022-01-18,2022-01-25,XLI,98.5514907836914,94.92516326904297,95,-344.50111389160156,-3.6796272545564945,REBALANCE
2022-01-18,2022-01-25,XLP,68.79966735839844,67.84812927246094,136,-129.4091796875,-1.3830562304620542,REBALANCE
2022-01-25,2022-02-01,XLE,57.07265090942383,59.6593132019043,162,419.03929138183594,4.532227347535667,REBALANCE
2022-01-25,2022-02-01,XLP,67.84812927246094,68.7815170288086,136,126.94073486328125,1.375701535703966,REBALANCE
2022-01-25,2022-02-01,XLU,59.86183166503906,60.95006561279297,154,167.58802795410156,1.8179095384905475,REBALANCE
2022-02-01,2022-02-08,XLP,68.7815170288086,69.16213989257812,204,77.64706420898438,0.5533795708665634,REBALANCE
2022-02-01,2022-02-08,XLU,60.95006561279297,61.03925704956055,230,20.51403045654297,0.1463352596438483,REBALANCE
2022-02-08,2022-02-15,XLE,59.668060302734375,59.4495849609375,157,-34.300628662109375,-0.36615123851589937,REBALANCE
2022-02-08,2022-02-15,XLF,38.19586944580078,37.65262222290039,245,-133.0955696105957,-1.42226693823857,REBALANCE
2022-02-08,2022-02-15,XLV,125.2806625366211,122.66495513916016,74,-193.56234741210938,-2.087878004872723,REBALANCE
2022-02-15,2022-02-23,XLE,59.4495849609375,59.10877227783203,155,-52.825965881347656,-0.5732801723164371,REBALANCE
2022-02-15,2022-02-23,XLB,78.605712890625,75.61308288574219,117,-350.13771057128906,-3.807140594280811,REBALANCE
2022-02-15,2022-02-23,XLF,37.65262222290039,35.91049575805664,246,-428.5631103515625,-4.626839678072104,REBALANCE
2022-02-23,2022-03-02,XLE,59.10877227783203,63.72282791137695,152,701.3364562988281,7.806042074190334,REBALANCE
2022-02-23,2022-03-02,XLP,67.81188201904297,68.19248962402344,132,50.240203857421875,0.5612697858372151,REBALANCE
2022-02-23,2022-03-02,XLU,58.00647735595703,60.798423767089844,154,429.9597473144531,4.813163181759883,REBALANCE
2022-03-02,2022-03-09,XLE,63.72282791137695,65.68904876708984,144,283.13580322265625,3.0855831735016936,REBALANCE
2022-03-02,2022-03-09,XLI,94.66141510009766,93.11670684814453,97,-149.83670043945312,-1.6318245932830266,REBALANCE
2022-03-02,2022-03-09,XLU,60.798423767089844,62.61809539794922,151,274.7704162597656,2.992958563909953,REBALANCE
2022-03-09,2022-03-16,XLE,65.68904876708984,62.47317123413086,140,-450.2228546142578,-4.895606791873863,REBALANCE
2022-03-09,2022-03-16,XLU,62.61809539794922,63.43872833251953,147,120.63304138183594,1.3105364022253374,REBALANCE
2022-03-09,2022-03-16,XLRE,40.67047882080078,40.92594909667969,226,57.73628234863281,0.6281467130115237,REBALANCE
2022-03-16,2022-03-23,XLU,63.43872833251953,63.76383972167969,143,46.490928649902344,0.5124809366544358,REBALANCE
2022-03-16,2022-03-23,XLV,126.10867309570312,126.5114517211914,72,29.00006103515625,0.3193901066444571,REBALANCE
2022-03-16,2022-03-23,XLI,95.27366638183594,96.67742919921875,95,133.3574676513672,1.4734006475166428,REBALANCE
2022-03-23,2022-03-30,XLE,67.81718444824219,68.36417388916016,134,73.29658508300781,0.806564656684361,REBALANCE
2022-03-23,2022-03-30,XLY,176.7543487548828,182.9222869873047,51,314.5648498535156,3.489553878516083,REBALANCE
2022-03-23,2022-03-30,XLB,80.50131225585938,83.08673858642578,113,292.1531753540039,3.2116573731731046,REBALANCE
2022-03-30,2022-04-06,XLU,66.93362426757812,69.0438003540039,207,436.8064498901367,3.152639812226532,REBALANCE
2022-03-30,2022-04-06,XLRE,43.28660583496094,44.207984924316406,320,294.84130859375,2.1285547147503747,REBALANCE
2022-04-06,2022-04-13,XLU,69.0438003540039,68.2895278930664,203,-153.1173095703125,-1.0924550170618774,REBALANCE
2022-04-06,2022-04-13,XLRE,44.207984924316406,43.44607925415039,318,-242.28600311279297,-1.7234571344303284,REBALANCE
2022-04-13,2022-04-21,XLP,71.78807067871094,73.28099060058594,193,288.133544921875,2.0796211790627295,REBALANCE
2022-04-13,2022-04-21,XLU,68.2895278930664,67.81361389160156,203,-96.61054229736328,-0.6969062697432471,REBALANCE
2022-04-21,2022-04-28,XLRE,44.5357780456543,43.37519836425781,312,-362.1008605957031,-2.6059490421538323,REBALANCE
2022-04-21,2022-04-28,XLP,73.28099060058594,72.65286254882812,189,-118.71620178222656,-0.8571500557100653,REBALANCE
2022-04-28,2022-05-02,XLRE,43.37519836425781,40.212432861328125,314,-993.1083679199219,-7.291645046483253,STOP_LOSS
2022-04-28,2022-05-05,XLP,72.65286254882812,69.76716613769531,187,-539.6252288818359,-3.9718963711765753,REBALANCE
2022-05-05,2022-05-12,XLP,69.76716613769531,69.01158142089844,184,-139.027587890625,-1.083009040822469,REBALANCE
2022-05-05,2022-05-12,XLU,64.32955169677734,63.38669967651367,200,-188.57040405273438,-1.465659242750339,REBALANCE
2022-05-12,2022-05-18,XLP,69.01158142089844,65.38849639892578,184,-666.6476440429688,-5.249966668457617,STOP_LOSS
2022-05-12,2022-05-19,XLU,63.38669967651367,64.23975372314453,200,170.61080932617188,1.3457934408705796,REBALANCE
2022-05-19,2022-05-26,XLU,64.23975372314453,66.63728332519531,193,462.7232131958008,3.732158769449012,REBALANCE
2022-05-19,2022-05-26,XLV,121.01834869384766,124.42559814453125,102,347.53944396972656,2.815481691378263,REBALANCE
2022-05-26,2022-06-03,XLU,66.63728332519531,66.76302337646484,189,23.764869689941406,0.18869324347439154,REBALANCE
2022-05-26,2022-06-03,XLV,124.42559814453125,122.52850341796875,101,-191.6065673828125,-1.5246820227127644,REBALANCE
2022-06-03,2022-06-10,XLU,66.76302337646484,64.06016540527344,187,-505.43444061279297,-4.048435547848794,REBALANCE
2022-06-03,2022-06-10,XLRE,38.839237213134766,36.47380065917969,323,-764.0360069274902,-6.090327008675467,REBALANCE
2022-06-10,2022-06-14,XLU,64.06016540527344,59.57037353515625,185,-830.6114959716797,-7.008711016764857,STOP_LOSS
2022-06-10,2022-06-17,XLV,118.44168853759766,113.1562271118164,100,-528.546142578125,-4.462500907443124,REBALANCE
2022-06-17,2022-06-27,XLP,62.65754318237305,66.63156127929688,179,711.3492393493652,6.3424416200886125,REBALANCE
2022-06-17,2022-06-27,XLV,113.1562271118164,122.91307067871094,99,965.9275131225586,8.622453943478714,REBALANCE
2022-06-27,2022-07-05,XLV,122.91307067871094,122.20219421386719,94,-66.8223876953125,-0.5783570949113637,REBALANCE
2022-06-27,2022-07-05,XLRE,37.20493698120117,36.990604400634766,313,-67.08609771728516,-0.5760863959390794,REBALANCE
2022-07-05,2022-07-12,XLP,66.7232894897461,66.57655334472656,173,-25.385353088378906,-0.2199174323413433,REBALANCE
2022-07-05,2022-07-12,XLV,122.20219421386719,122.03160095214844,94,-16.0357666015625,-0.1395991805353325,REBALANCE
2022-07-12,2022-07-19,XLV,122.03160095214844,122.85619354248047,94,77.51170349121094,0.6757205378755682,REBALANCE
2022-07-12,2022-07-19,XLP,66.57655334472656,66.94339752197266,173,63.46404266357422,0.5510110674348256,REBALANCE
2022-07-19,2022-07-26,XLRE,37.258514404296875,37.83900833129883,311,180.53361129760742,1.5580168353009016,REBALANCE
2022-07-19,2022-07-26,XLV,122.85619354248047,124.33480072021484,94,138.98907470703125,1.2035267698759622,REBALANCE
2022-07-26,2022-08-02,XLU,64.01160430908203,66.87186431884766,121,346.0914611816406,4.4683460766812955,REBALANCE
2022-07-26,2022-08-02,XLI,85.79705810546875,89.91654205322266,90,370.75355529785156,4.801427972844818,REBALANCE
2022-07-26,2022-08-02,XLRE,37.83900833129883,38.72314453125,205,181.24792098999023,2.3365733906399733,REBALANCE
2022-08-02,2022-08-09,XLU,66.87186431884766,68.03951263427734,178,207.84140014648438,1.7460980448553043,REBALANCE
2022-08-02,2022-08-09,XLRE,38.72314453125,39.64299392700195,307,282.3937644958496,2.3754511852972726,REBALANCE
2022-08-09,2022-08-16,XLF,31.989273071289062,33.851531982421875,250,465.5647277832031,5.82151056381528,REBALANCE
2022-08-09,2022-08-16,XLI,90.87519836425781,95.42181396484375,88,400.1021728515625,5.003142422161866,REBALANCE
2022-08-09,2022-08-16,XLY,157.8779296875,168.13290405273438,50,512.7487182617188,6.495508514415427,REBALANCE
2022-08-16,2022-08-22,XLY,168.13290405273438,158.3250732421875,49,-480.5837097167969,-5.833379769298864,STOP_LOSS
2022-08-16,2022-08-23,XLI,95.42181396484375,92.20407104492188,86,-276.72589111328125,-3.3721250793947277,REBALANCE
2022-08-16,2022-08-23,XLF,33.851531982421875,32.18778610229492,243,-404.2902488708496,-4.914831863417257,REBALANCE
2022-08-23,2022-08-30,XLE,73.30596160888672,72.47628784179688,107,-88.77509307861328,-1.1317957624189523,REBALANCE
2022-08-23,2022-08-30,XLU,68.95368957519531,67.73175048828125,113,-138.07911682128906,-1.7721155959051549,REBALANCE
2022-08-23,2022-08-30,XLI,92.20407104492188,88.95784759521484,85,-275.92899322509766,-3.5206942740364178,REBALANCE
2022-08-30,2022-09-07,XLE,72.47628784179688,69.85342407226562,106,-278.0235595703125,-3.6189267519557644,REBALANCE
2022-08-30,2022-09-07,XLU,67.73175048828125,69.81359100341797,113,235.24797821044922,3.0736552652613325,REBALANCE
2022-08-30,2022-09-07,XLF,31.478801727294922,31.630056381225586,244,36.90613555908203,0.4804968602077242,REBALANCE
2022-09-07,2022-09-14,XLU,69.81359100341797,69.3881607055664,109,-46.37190246582031,-0.6093803394681907,REBALANCE
2022-09-07,2022-09-14,XLY,155.45753479003906,155.56446838378906,49,5.23974609375,0.06878636914859904,REBALANCE
2022-09-07,2022-09-14,XLF,31.630056381225586,31.431535720825195,241,-47.84347915649414,-0.6276329640633405,REBALANCE
2022-09-14,2022-09-20,XLE,73.3951644897461,69.53282165527344,103,-397.8213119506836,-5.262394139074733,STOP_LOSS
2022-09-14,2022-09-21,XLU,69.3881607055664,66.3952865600586,109,-326.22328186035156,-4.31323458508639,REBALANCE
2022-09-14,2022-09-21,XLV,120.46769714355469,116.7703857421875,63,-232.9306182861328,-3.06913096957544,REBALANCE
2022-09-21,2022-09-27,XLU,66.3952865600586,62.74109649658203,109,-398.3067169189453,-5.503688970708975,STOP_LOSS
2022-09-21,2022-09-28,XLP,65.24646759033203,63.74176025390625,111,-167.02251434326172,-2.3061897325591607,REBALANCE
2022-09-21,2022-09-28,XLV,116.7703857421875,117.84566497802734,62,66.66731262207031,0.9208492624267928,REBALANCE
2022-09-28,2022-09-30,XLY,146.60731506347656,138.75628662109375,48,-376.849365234375,-5.355141003014452,STOP_LOSS
2022-09-28,2022-10-05,XLV,117.84566497802734,120.748046875,60,174.14291381835938,2.4628669179420415,REBALANCE
2022-09-28,2022-10-05,XLC,48.14494705200195,48.784420013427734,147,94.00252532958984,1.3282244567328627,REBALANCE
2022-10-05,2022-10-11,XLF,30.494556427001953,28.850568771362305,230,-378.11716079711914,-5.391085650237393,STOP_LOSS
2022-10-05,2022-10-12,XLE,73.05005645751953,72.25640869140625,96,-76.190185546875,-1.0864437409090932,REBALANCE
2022-10-05,2022-10-12,XLV,120.748046875,115.99958038330078,58,-275.4110565185547,-3.9325410344855483,REBALANCE
2022-10-12,2022-10-19,XLE,72.25640869140625,76.1253662109375,94,363.6820068359375,5.3544835532234325,REBALANCE
2022-10-12,2022-10-19,XLP,62.44939422607422,63.53868103027344,108,117.64297485351562,1.7442712098309165,REBALANCE
2022-10-12,2022-10-19,XLV,115.99958038330078,118.77824401855469,58,161.16249084472656,2.3954083506787516,REBALANCE
2022-10-19,2022-10-26,XLE,76.1253662109375,79.92216491699219,90,341.7118835449219,4.987560513711098,REBALANCE
2022-10-19,2022-10-26,XLF,30.190465927124023,31.444841384887695,228,285.9976043701172,4.154872802531684,REBALANCE
2022-10-19,2022-10-26,XLI,83.97603607177734,87.1710205078125,82,261.9887237548828,3.8046383057474653,REBALANCE
2022-10-26,2022-11-02,XLE,79.92216491699219,79.97627258300781,88,4.761474609375,0.06770045089721233,REBALANCE
2022-10-26,2022-11-02,XLB,69.87709045410156,68.12543487548828,100,-175.16555786132812,-2.5067666201182837,REBALANCE
2022-10-26,2022-11-02,XLF,31.444841384887695,31.967493057250977,224,117.073974609375,1.6621221457789437,REBALANCE
2022-11-02,2022-11-09,XLE,79.97627258300781,79.84099578857422,87,-11.769081115722656,-0.16914616056054044,REBALANCE
2022-11-02,2022-11-09,XLF,31.967493057250977,32.18605422973633,219,47.86489677429199,0.6836981933300956,REBALANCE
2022-11-02,2022-11-09,XLI,88.31549835205078,91.15762329101562,79,224.52787017822266,3.2181496928606057,REBALANCE
2022-11-09,2022-11-16,XLB,71.63813781738281,75.55577850341797,98,383.9287872314453,5.468652320390932,REBALANCE
2022-11-09,2022-11-16,XLI,91.15762329101562,94.304931640625,77,242.34274291992188,3.4526002719067916,REBALANCE
2022-11-09,2022-11-16,XLF,32.18605422973633,33.51646041870117,219,291.3589553833008,4.133486445616241,REBALANCE
2022-11-16,2022-11-23,XLB,75.55577850341797,77.59935760498047,95,194.1400146484375,2.704729065123801,REBALANCE
2022-11-16,2022-11-23,XLK,128.76983642578125,131.32040405273438,55,140.28121948242188,1.9807182316514016,REBALANCE
2022-11-16,2022-11-23,XLF,33.51646041870117,34.200653076171875,214,146.41722869873047,2.0413631061379833,REBALANCE
2022-11-23,2022-12-01,XLB,77.59935760498047,78.02313995361328,93,39.41175842285156,0.5461157949142814,REBALANCE
2022-11-23,2022-12-01,XLI,96.2409896850586,97.04212951660156,75,60.085487365722656,0.8324309986468714,REBALANCE
2022-11-23,2022-12-01,XLK,131.32040405273438,133.05007934570312,55,95.13214111328125,1.3171413120798503,REBALANCE
2022-12-01,2022-12-07,XLY,142.36038208007812,135.1035614013672,51,-370.0978546142578,-5.097500142019118,STOP_LOSS
2022-12-01,2022-12-08,XLC,50.19902801513672,47.76707458496094,145,-352.6332473754883,-4.844622548154643,REBALANCE
2022-12-01,2022-12-08,XLK,133.05007934570312,128.72096252441406,55,-238.10142517089844,-3.2537498982174617,REBALANCE
2022-12-08,2022-12-15,XLU,64.8825912475586,65.33821868896484,107,48.75213623046875,0.702233731183477,REBALANCE
2022-12-08,2022-12-15,XLV,133.00460815429688,130.87303161621094,52,-110.84197998046875,-1.6026335986893958,REBALANCE
2022-12-08,2022-12-15,XLP,70.60059356689453,69.4466781616211,99,-114.23762512207031,-1.6344273425691447,REBALANCE
2022-12-15,2022-12-22,XLU,65.33821868896484,64.48553466796875,106,-90.38450622558594,-1.3050310187597836,REBALANCE
2022-12-15,2022-12-22,XLRE,34.822017669677734,33.49480438232422,199,-264.1154441833496,-3.811419831968055,REBALANCE
2022-12-15,2022-12-22,XLV,130.87303161621094,129.96929931640625,52,-46.99407958984375,-0.6905412739691918,REBALANCE
2022-12-22,2022-12-30,XLP,69.53559875488281,69.31244659423828,97,-21.64575958251953,-0.3209178674525526,REBALANCE
2022-12-22,2022-12-30,XLV,129.96929931640625,129.80686950683594,52,-8.44635009765625,-0.12497552146901736,REBALANCE
2022-12-22,2022-12-30,XLU,64.48553466796875,64.77035522460938,105,29.906158447265625,0.441681313657627,REBALANCE
2022-12-30,2023-01-09,XLE,79.697509765625,79.49706268310547,85,-17.038002014160156,-0.25150984404532784,REBALANCE
2022-12-30,2023-01-09,XLU,64.77035522460938,65.67071533203125,104,93.637451171875,1.3900805457985,REBALANCE
2022-12-30,2023-01-09,XLF,32.70344543457031,33.70749282836914,207,207.83781051635742,3.0701578395084583,REBALANCE
2023-01-09,2023-01-17,XLC,49.030792236328125,50.371177673339844,139,186.3135757446289,2.733762551808394,REBALANCE
2023-01-09,2023-01-17,XLF,33.70749282836914,34.30992126464844,202,121.69054412841797,1.7872241028032754,REBALANCE
2023-01-09,2023-01-17,XLB,76.66132354736328,78.62335205078125,89,174.62053680419922,2.559345981296257,REBALANCE
2023-01-17,2023-01-24,XLY,136.54823303222656,137.71055603027344,50,58.11614990234375,0.851217897321721,REBALANCE
2023-01-17,2023-01-24,XLC,50.371177673339844,52.333187103271484,137,268.79529190063477,3.8951033518719536,REBALANCE
2023-01-17,2023-01-24,XLE,82.13024139404297,82.23046875,84,8.419097900390625,0.12203465405167258,REBALANCE
2023-01-24,2023-01-31,XLC,52.333187103271484,53.498741149902344,133,155.0186882019043,2.2271795607074596,REBALANCE
2023-01-24,2023-01-31,XLK,131.58966064453125,133.2459259033203,52,86.12579345703125,1.2586591155236748,REBALANCE
2023-01-24,2023-01-31,XLY,137.71055603027344,145.24119567871094,50,376.531982421875,5.468454899551789,REBALANCE
2023-01-31,2023-02-07,XLY,145.24119567871094,147.95654296875,48,130.336669921875,1.8695434703289715,REBALANCE
2023-01-31,2023-02-07,XLC,53.498741149902344,56.8885383605957,132,447.45323181152344,6.336218643341951,REBALANCE
2023-01-31,2023-02-07,XLRE,36.99467086791992,36.9490966796875,191,-8.704669952392578,-0.12319122501490698,REBALANCE
2023-02-07,2023-02-09,XLC,56.8885383605957,53.89696502685547,126,-376.93824005126953,-5.258657402617272,STOP_LOSS
2023-02-07,2023-02-14,XLK,140.67462158203125,140.55703735351562,50,-5.87921142578125,-0.08358595686505099,REBALANCE
2023-02-07,2023-02-14,XLY,147.95654296875,148.58163452148438,48,30.00439453125,0.4224832104021248,REBALANCE
2023-02-14,2023-02-17,XLE,82.01180267333984,76.98229217529297,85,-427.5083923339844,-6.132666682233356,STOP_LOSS
2023-02-14,2023-02-22,XLY,148.58163452148438,142.8775177001953,47,-268.09349060058594,-3.83904567994523,REBALANCE
2023-02-14,2023-02-22,XLK,140.55703735351562,133.57913208007812,50,-348.895263671875,-4.964465248287309,REBALANCE
2023-02-22,2023-03-01,XLP,68.14097595214844,66.47673797607422,98,-163.09532165527344,-2.4423453770942793,REBALANCE
2023-02-22,2023-03-01,XLI,96.23079681396484,97.14116668701172,69,62.815521240234375,0.9460275745267088,REBALANCE
2023-02-22,2023-03-01,XLY,142.8775177001953,140.36729431152344,46,-115.47027587890625,-1.7569057953114475,REBALANCE
2023-03-01,2023-03-08,XLB,78.16840362548828,77.71344757080078,84,-38.21630859375,-0.5820203990185568,REBALANCE
2023-03-01,2023-03-08,XLI,97.14116668701172,98.11860656738281,68,66.46591186523438,1.0062056218867577,REBALANCE
2023-03-01,2023-03-08,XLE,77.75675964355469,77.35587310791016,85,-34.075355529785156,-0.5155648685493563,REBALANCE
2023-03-08,2023-03-15,XLK,137.41111755371094,136.9504852294922,48,-22.1103515625,-0.3352220201823908,REBALANCE
2023-03-08,2023-03-15,XLU,60.617706298828125,61.71098327636719,108,118.07391357421875,1.8035604517094628,REBALANCE
2023-03-08,2023-03-15,XLI,98.11860656738281,92.98220825195312,67,-344.13868713378906,-5.234887138253718,REBALANCE
2023-03-15,2023-03-22,XLU,61.71098327636719,59.565189361572266,105,-225.3083610534668,-3.4771669496581725,REBALANCE
2023-03-15,2023-03-22,XLP,67.49015045166016,67.29144287109375,96,-19.075927734375,-0.29442456304602516,REBALANCE
2023-03-15,2023-03-22,XLC,52.76055145263672,54.015113830566406,123,154.31117248535156,2.377841670316716,REBALANCE
2023-03-22,2023-03-29,XLK,140.70030212402344,144.55056762695312,45,173.26194763183594,2.7365012333347982,REBALANCE
2023-03-22,2023-03-29,XLC,54.015113830566406,55.13515090942383,119,133.2844123840332,2.073562378060956,REBALANCE
2023-03-22,2023-03-29,XLE,72.43675994873047,75.40125274658203,88,260.8753662109375,4.092525397256552,REBALANCE
2023-03-29,2023-04-05,XLK,144.55056762695312,145.59169006347656,45,46.85050964355469,0.7202479060547828,REBALANCE
2023-03-29,2023-04-05,XLU,61.92520523071289,64.1556625366211,105,234.19801712036133,3.6018569459693506,REBALANCE
2023-03-29,2023-04-05,XLC,55.13515090942383,56.68372344970703,118,182.73155975341797,2.8086846861582027,REBALANCE
2023-04-05,2023-04-13,XLE,79.44290924072266,80.16100311279297,83,59.60179138183594,0.9039118518361366,REBALANCE
2023-04-05,2023-04-13,XLV,127.76158142089844,130.1309356689453,51,120.83706665039062,1.8545123046350476,REBALANCE
2023-04-05,2023-04-13,XLU,64.1556625366211,64.4795913696289,103,33.36466979980469,0.5049107439626388,REBALANCE
2023-04-13,2023-04-20,XLE,80.16100311279297,78.6971664428711,82,-120.03460693359375,-1.8261206984425349,REBALANCE
2023-04-13,2023-04-20,XLB,77.60401153564453,77.50882720947266,85,-8.090667724609375,-0.12265387354125634,REBALANCE
2023-04-13,2023-04-20,XLC,57.70637512207031,56.050662994384766,115,-190.4068946838379,-2.8692014083073203,REBALANCE
2023-04-20,2023-04-27,XLF,32.039302825927734,31.501148223876953,204,-109.78353881835938,-1.6796701381881496,REBALANCE
2023-04-20,2023-04-27,XLB,77.50882720947266,75.79529571533203,84,-143.9366455078125,-2.2107565755184133,REBALANCE
2023-04-20,2023-04-27,XLI,97.02973175048828,95.29776000976562,67,-116.04210662841797,-1.7849907543560084,REBALANCE
2023-04-27,2023-05-04,XLC,57.84272766113281,56.10910415649414,111,-192.43220901489258,-2.997133044615341,REBALANCE
2023-04-27,2023-05-04,XLP,71.96251678466797,71.4393539428711,89,-46.561492919921875,-0.726993531038278,REBALANCE
2023-04-27,2023-05-04,XLY,144.4891357421875,141.34426879882812,44,-138.3741455078125,-2.1765421512180527,REBALANCE
2023-05-04,2023-05-11,XLP,71.4393539428711,71.76631927490234,88,28.77294921875,0.4576823753091652,REBALANCE
2023-05-04,2023-05-11,XLV,127.00377655029297,126.97501373291016,49,-1.4093780517578125,-0.022647214251481085,REBALANCE
2023-05-04,2023-05-11,XLU,63.48004913330078,63.535587310791016,99,5.498279571533203,0.08748918478875822,REBALANCE
2023-05-11,2023-05-18,XLY,146.0665283203125,149.73068237304688,43,157.55862426757812,2.508551476419818,REBALANCE
2023-05-11,2023-05-18,XLC,58.10568618774414,60.13150405883789,108,218.788330078125,3.4864365331616076,REBALANCE
2023-05-11,2023-05-18,XLK,148.45970153808594,154.7458038330078,42,264.01629638671875,4.234214557752725,REBALANCE
2023-05-18,2023-05-25,XLK,154.7458038330078,157.3781280517578,41,107.92529296875,1.7010633914123163,REBALANCE
2023-05-18,2023-05-25,XLC,60.13150405883789,59.33286666870117,106,-84.65556335449219,-1.3281513619803453,REBALANCE
2023-05-18,2023-05-25,XLY,149.73068237304688,145.46885681152344,42,-178.99667358398438,-2.846327482102362,REBALANCE
2023-05-25,2023-06-02,XLK,157.3781280517578,163.9293670654297,40,262.049560546875,4.162737919666526,REBALANCE
2023-05-25,2023-06-02,XLC,59.33286666870117,61.51450729370117,106,231.25390625,3.676951321401156,REBALANCE
2023-05-25,2023-06-02,XLY,145.46885681152344,153.81610107421875,43,358.93150329589844,5.738165849141441,REBALANCE
2023-06-02,2023-06-09,XLK,163.9293670654297,163.05523681640625,39,-34.09107971191406,-0.5332359080448046,REBALANCE
2023-06-02,2023-06-09,XLY,153.81610107421875,157.93092346191406,42,172.82254028320312,2.675157125267291,REBALANCE
2023-06-02,2023-06-09,XLC,61.51450729370117,61.563201904296875,105,5.112934112548828,0.0791595555877711,REBALANCE
2023-06-09,2023-06-16,XLRE,34.07278823852539,34.59599685668945,286,149.63766479492188,1.5355614999904343,REBALANCE
2023-06-09,2023-06-16,XLU,61.4439582824707,62.28615188598633,158,133.06658935546875,1.3706695126050938,REBALANCE
2023-06-16,2023-06-26,XLK,170.10745239257812,164.8042449951172,38,-201.52188110351562,-3.117563235984555,REBALANCE
2023-06-16,2023-06-26,XLY,163.0059051513672,160.33961486816406,40,-106.651611328125,-1.6357016518678935,REBALANCE
2023-06-16,2023-06-26,XLI,101.46553802490234,100.6057357788086,64,-55.02734375,-0.8473835184146239,REBALANCE
2023-06-26,2023-07-03,XLV,126.4189224243164,126.79457092285156,76,28.549285888671875,0.2971457842951164,REBALANCE
2023-06-26,2023-07-03,XLP,69.5093765258789,70.32792663574219,138,112.95991516113281,1.177611065981199,REBALANCE
2023-07-03,2023-07-11,XLRE,35.20671463012695,35.540340423583984,274,91.41346740722656,0.9476197849246137,REBALANCE
2023-07-03,2023-07-11,XLP,70.32792663574219,69.19891357421875,137,-154.67478942871094,-1.6053552486639755,REBALANCE
2023-07-11,2023-07-18,XLRE,35.540340423583984,35.345726013183594,270,-52.54589080810547,-0.5475873558916433,REBALANCE
2023-07-11,2023-07-18,XLU,61.49968719482422,61.173152923583984,156,-50.93934631347656,-0.5309527351022303,REBALANCE
2023-07-18,2023-07-25,XLV,127.20872497558594,130.8784942626953,75,275.2326965332031,2.884840869062777,REBALANCE
2023-07-18,2023-07-25,XLP,69.60346984863281,71.4098892211914,137,247.47945404052734,2.5953007464815103,REBALANCE
2023-07-25,2023-08-01,XLU,63.81338882446289,61.807559967041016,151,-302.8801574707031,-3.1432727431847995,REBALANCE
2023-07-25,2023-08-01,XLV,130.8784942626953,128.5379180908203,74,-173.20263671875,-1.7883581141887706,REBALANCE
2023-08-01,2023-08-08,XLP,70.88301086425781,70.29969024658203,133,-77.5816421508789,-0.8229343118520305,REBALANCE
2023-08-01,2023-08-08,XLV,128.5379180908203,129.9923553466797,73,106.17391967773438,1.1315238938534256,REBALANCE
2023-08-08,2023-08-15,XLV,129.9923553466797,130.58953857421875,72,42.9971923828125,0.459398728445537,REBALANCE
2023-08-08,2023-08-15,XLP,70.29969024658203,69.274169921875,134,-137.4197235107422,-1.4587835609373712,REBALANCE
2023-08-15,2023-08-22,XLV,130.58953857421875,128.29714965820312,71,-162.75961303710938,-1.7554154345317485,REBALANCE
2023-08-15,2023-08-22,XLP,69.274169921875,67.85350036621094,135,-191.79039001464844,-2.05079260749893,REBALANCE
2023-08-22,2023-08-29,XLV,128.29714965820312,129.95382690429688,71,117.62408447265625,1.2912814123363647,REBALANCE
2023-08-22,2023-08-29,XLU,59.02737808227539,59.57781982421875,156,85.86891174316406,0.932519383083763,REBALANCE
2023-08-29,2023-09-06,XLRE,34.437522888183594,33.88148498535156,269,-149.5741958618164,-1.6146280458018136,REBALANCE
2023-08-29,2023-09-06,XLV,129.95382690429688,126.63082885742188,71,-235.932861328125,-2.557060554532331,REBALANCE
2023-09-06,2023-09-13,XLRE,33.88148498535156,33.61273193359375,267,-71.75706481933594,-0.7932150904070623,REBALANCE
2023-09-06,2023-09-13,XLV,126.63082885742188,127.9311294555664,71,92.32134246826172,1.0268436287411475,REBALANCE
2023-09-13,2023-09-20,XLU,59.96965789794922,60.26750183105469,151,44.97443389892578,0.4966577158274088,REBALANCE
2023-09-13,2023-09-20,XLV,127.9311294555664,127.2469482421875,70,-47.89268493652344,-0.5348043250228196,REBALANCE
2023-09-20,2023-09-26,XLRE,33.68455123901367,31.666839599609375,268,-540.7467193603516,-5.9900208409704785,STOP_LOSS
2023-09-20,2023-09-27,XLU,60.26750183105469,56.55251693725586,150,-557.2477340698242,-6.164159424116978,REBALANCE
2023-09-27,2023-10-04,XLV,124.85810089111328,123.75554656982422,68,-74.97369384765625,-0.883045884424094,REBALANCE
2023-09-27,2023-10-04,XLP,65.16859436035156,64.78022766113281,130,-50.4876708984375,-0.5959415007039559,REBALANCE
2023-10-04,2023-10-11,XLV,123.75554656982422,126.21212005615234,68,167.0469970703125,1.9850209177833422,REBALANCE
2023-10-04,2023-10-11,XLP,64.78022766113281,63.416229248046875,130,-177.31979370117188,-2.105578295002375,REBALANCE
2023-10-11,2023-10-18,XLRE,32.51689910888672,31.526723861694336,257,-254.47503852844238,-3.0451096947364586,REBALANCE
2023-10-11,2023-10-18,XLU,56.01642608642578,55.70606231689453,149,-46.24420166015625,-0.5540584989345843,REBALANCE
2023-10-18,2023-10-25,XLP,64.4392318725586,64.3539810180664,127,-10.826858520507812,-0.13229650946303684,REBALANCE
2023-10-18,2023-10-25,XLV,125.5834732055664,122.35320281982422,65,-209.9675750732422,-2.5722097846860748,REBALANCE
2023-10-25,2023-11-01,XLU,55.81892395019531,56.778236389160156,145,139.10030364990234,1.7186150700805314,REBALANCE
2023-10-25,2023-11-01,XLP,64.3539810180664,64.2118911743164,126,-17.9033203125,-0.22079417854523609,REBALANCE
2023-11-01,2023-11-08,XLU,56.778236389160156,57.18265151977539,143,57.831363677978516,0.7122713848372486,REBALANCE
2023-11-01,2023-11-08,XLRE,31.078340530395508,32.264678955078125,262,310.8206672668457,3.8172515148366504,REBALANCE
2023-11-08,2023-11-15,XLRE,32.264678955078125,33.647186279296875,255,352.53936767578125,4.284894097795311,REBALANCE
2023-11-08,2023-11-15,XLP,65.1307144165039,66.73149871826172,126,201.69882202148438,2.4578024609418048,REBALANCE
2023-11-15,2023-11-22,XLRE,33.647186279296875,33.79664611816406,249,37.21549987792969,0.4441971391799582,REBALANCE
2023-11-15,2023-11-22,XLP,66.73149871826172,66.44733428955078,125,-35.52055358886719,-0.4258325291189302,REBALANCE
2023-11-22,2023-11-30,XLRE,33.79664611816406,34.77747344970703,247,242.26435089111328,2.9021439823160966,REBALANCE
2023-11-22,2023-11-30,XLU,58.80971908569336,59.02603530883789,142,30.716903686523438,0.36782393540994995,REBALANCE
2023-11-30,2023-12-07,XLRE,34.77747344970703,35.47807312011719,242,169.5451202392578,2.014521472996944,REBALANCE
2023-11-30,2023-12-07,XLV,126.99549102783203,127.51773834228516,66,34.46832275390625,0.4112329581360319,REBALANCE
2023-12-07,2023-12-14,XLRE,35.47807312011719,37.82272720336914,239,560.3723258972168,6.608741335285373,REBALANCE
2023-12-07,2023-12-14,XLU,59.75022506713867,61.22681427001953,142,209.67566680908203,2.4712696918240518,REBALANCE
2023-12-14,2023-12-21,XLRE,37.82272720336914,37.35650634765625,229,-106.76457595825195,-1.232647379460683,REBALANCE
2023-12-14,2023-12-21,XLV,130.86404418945312,130.51734924316406,66,-22.881866455078125,-0.2649275807089957,REBALANCE
2023-12-21,2023-12-29,XLRE,37.35650634765625,37.819095611572266,230,106.3955307006836,1.2383097595127124,REBALANCE
2023-12-21,2023-12-29,XLV,130.51734924316406,132.48944091796875,66,130.15805053710938,1.510980483621771,REBALANCE
2023-12-29,2024-01-08,XLRE,37.819095611572266,37.601966857910156,229,-49.72248458862305,-0.5741246588553239,REBALANCE
2023-12-29,2024-01-08,XLV,132.48944091796875,136.34619140625,65,250.68878173828125,2.9109870655044556,REBALANCE
2024-01-08,2024-01-16,XLV,136.34619140625,135.69529724121094,63,-41.00633239746094,-0.47738345921206626,REBALANCE
2024-01-08,2024-01-16,XLU,61.70866394042969,59.458675384521484,141,-317.24838638305664,-3.646146930162386,REBALANCE
2024-01-16,2024-01-23,XLV,135.69529724121094,135.97702026367188,62,17.466827392578125,0.20761443335810537,REBALANCE
2024-01-16,2024-01-23,XLP,69.09846496582031,69.17481231689453,123,9.390724182128906,0.11049066156820775,REBALANCE
2024-01-23,2024-01-30,XLV,135.97702026367188,136.5599365234375,62,36.14080810546875,0.4286873316059481,REBALANCE
2024-01-23,2024-01-30,XLP,69.17481231689453,70.11011505126953,123,115.042236328125,1.3520856841509277,REBALANCE
2024-01-30,2024-02-06,XLP,70.11011505126953,70.5109634399414,122,48.90350341796875,0.5717411651353643,REBALANCE
2024-01-30,2024-02-06,XLV,136.5599365234375,139.8726348876953,62,205.38729858398438,2.425820082077479,REBALANCE
2024-02-06,2024-02-13,XLV,139.8726348876953,138.7845916748047,61,-66.37063598632812,-0.7778814017225133,REBALANCE
2024-02-06,2024-02-13,XLP,70.5109634399414,69.51838684082031,122,-121.09434509277344,-1.4076911599237074,REBALANCE
2024-02-13,2024-02-21,XLV,138.7845916748047,141.30072021484375,61,153.4838409423828,1.8129739834049863,REBALANCE
2024-02-13,2024-02-21,XLP,69.51838684082031,70.93091583251953,123,173.7410659790039,2.031878263995912,REBALANCE
2024-02-21,2024-02-28,XLU,58.860572814941406,58.9365234375,146,11.088790893554688,0.12903480025141523,REBALANCE
2024-02-21,2024-02-28,XLV,141.30072021484375,141.8447265625,61,33.18438720703125,0.3849989913916163,REBALANCE
2024-02-28,2024-03-06,XLV,141.8447265625,141.8544464111328,60,0.58319091796875,0.0068524568155314824,REBALANCE
2024-02-28,2024-03-06,XLRE,36.629573822021484,37.4792366027832,236,200.52041625976562,2.319608698943987,REBALANCE
2024-03-06,2024-03-13,XLRE,37.4792366027832,37.40371322631836,232,-17.52142333984375,-0.20150724323780844,REBALANCE
2024-03-06,2024-03-13,XLU,59.9808235168457,60.64537811279297,144,95.69586181640625,1.1079451014216701,REBALANCE
2024-03-13,2024-03-20,XLU,60.64537811279297,61.13684844970703,143,70.28025817871094,0.8104003177290542,REBALANCE
2024-03-13,2024-03-20,XLP,72.67745208740234,73.03945922851562,119,43.07884979248047,0.49810103507470505,REBALANCE
2024-03-20,2024-03-27,XLU,61.13684844970703,62.40992736816406,142,180.77720642089844,2.0823430561755396,REBALANCE
2024-03-20,2024-03-27,XLP,73.03945922851562,73.31827545166016,119,33.17913055419922,0.38173369037715066,REBALANCE
2024-03-27,2024-04-04,XLU,62.40992736816406,62.189781188964844,140,-30.820465087890625,-0.35274224547731103,REBALANCE
2024-03-27,2024-04-04,XLV,144.01438903808594,138.39849853515625,61,-342.56932067871094,-3.8995343037871777,REBALANCE
2024-04-04,2024-04-11,XLU,62.189781188964844,61.9217643737793,138,-36.98632049560547,-0.43096600448098155,REBALANCE
2024-04-04,2024-04-11,XLP,71.34734344482422,71.27042388916016,120,-9.2303466796875,-0.1078099785502884,REBALANCE
2024-04-11,2024-04-18,XLU,61.9217643737793,61.68245315551758,138,-33.02494812011719,-0.38647351328228163,REBALANCE
2024-04-11,2024-04-18,XLP,71.27042388916016,70.87625122070312,120,-47.30072021484375,-0.5530662607957093,REBALANCE
2024-04-18,2024-04-25,XLU,61.68245315551758,64.05633544921875,138,327.5957565307617,3.848553636017038,REBALANCE
2024-04-18,2024-04-25,XLP,70.87625122070312,72.82794952392578,120,234.20379638671875,2.7536703333042034,REBALANCE
2024-04-25,2024-05-02,XLU,64.05633544921875,64.9656753540039,135,122.7608871459961,1.419594015811354,REBALANCE
2024-04-25,2024-05-02,XLP,72.82794952392578,72.73180389404297,119,-11.441329956054688,-0.1320174884935188,REBALANCE
2024-05-02,2024-05-09,XLU,64.9656753540039,68.28718566894531,134,445.08238220214844,5.112715748496721,REBALANCE
2024-05-02,2024-05-09,XLP,72.73180389404297,74.20278930664062,119,175.0472640991211,2.022478934718319,REBALANCE
2024-05-09,2024-05-16,XLU,68.28718566894531,69.18695831298828,129,116.07067108154297,1.317630292167915,REBALANCE
2024-05-09,2024-05-16,XLP,74.20278930664062,75.37572479248047,119,139.5793228149414,1.5807161655240876,REBALANCE
2024-05-16,2024-05-23,XLU,69.18695831298828,67.76073455810547,129,-183.9828643798828,-2.0614054868995035,REBALANCE
2024-05-16,2024-05-23,XLRE,36.840946197509766,35.50075912475586,242,-324.3252716064453,-3.6377650714207066,REBALANCE
2024-05-23,2024-05-31,XLV,141.28445434570312,140.10472106933594,61,-71.96372985839844,-0.8350057207854866,REBALANCE
2024-05-23,2024-05-31,XLU,67.76073455810547,69.60813903808594,128,236.4677734375,2.726364305269313,REBALANCE
2024-05-31,2024-06-07,XLU,69.60813903808594,66.94709014892578,124,-329.9700622558594,-3.822899054526041,REBALANCE
2024-05-31,2024-06-07,XLRE,36.16609573364258,36.09006118774414,240,-18.248291015625,-0.21023708629878124,REBALANCE
2024-06-07,2024-06-14,XLV,142.76638793945312,142.23019409179688,59,-31.63543701171875,-0.37557428985570684,REBALANCE
2024-06-07,2024-06-14,XLP,74.66426849365234,73.98165130615234,114,-77.818359375,-0.9142488117432457,REBALANCE
2024-06-14,2024-06-24,XLRE,36.62233352661133,36.82155990600586,231,46.02129364013672,0.5440024165848545,REBALANCE
2024-06-14,2024-06-24,XLV,142.23019409179688,143.97181701660156,59,102.75575256347656,1.2245099825151318,REBALANCE
2024-06-24,2024-07-01,XLP,75.47014617919922,73.65869903564453,112,-202.882080078125,-2.4002168211699426,REBALANCE
2024-06-24,2024-07-01,XLRE,36.82155990600586,36.52391815185547,230,-68.45760345458984,-0.8083355374138956,REBALANCE
2024-07-01,2024-07-09,XLRE,36.52391815185547,36.86957550048828,229,79.15553283691406,0.946386275414568,REBALANCE
2024-07-01,2024-07-09,XLV,141.8576202392578,141.877197265625,59,1.1550445556640625,0.013800475670011636,REBALANCE
2024-07-09,2024-07-16,XLY,188.0183868408203,192.64910888671875,29,134.2909393310547,2.46290914612457,REBALANCE
2024-07-09,2024-07-16,XLK,232.38385009765625,231.55067443847656,24,-19.9962158203125,-0.35853423498645176,REBALANCE
2024-07-09,2024-07-16,XLC,85.9852066040039,85.60081481933594,65,-24.98546600341797,-0.4470440903145634,REBALANCE
2024-07-16,2024-07-23,XLI,125.8415756225586,123.5935287475586,44,-98.9140625,-1.7864103050828417,REBALANCE
2024-07-16,2024-07-23,XLY,192.64910888671875,187.03883361816406,29,-162.69798278808594,-2.912172966163906,REBALANCE
2024-07-16,2024-07-23,XLRE,38.924285888671875,39.21232986450195,143,41.19028854370117,0.7400109449763992,REBALANCE
2024-07-23,2024-07-30,XLRE,39.21232986450195,39.64439392089844,140,60.48896789550781,1.1018576501051536,REBALANCE
2024-07-23,2024-07-30,XLF,42.39101791381836,43.058753967285156,130,86.8056869506836,1.575182872051606,REBALANCE
2024-07-23,2024-07-30,XLU,67.81495666503906,69.33952331542969,81,123.48989868164062,2.2481274417397,REBALANCE
2024-07-30,2024-08-05,XLF,43.058753967285156,40.103065490722656,129,-381.2838134765625,-6.864314928407245,STOP_LOSS
2024-07-30,2024-08-06,XLU,69.33952331542969,70.3141098022461,80,77.9669189453125,1.405528103190079,REBALANCE
2024-07-30,2024-08-06,XLRE,39.64439392089844,39.8940315246582,140,34.94926452636719,0.629692067579235,REBALANCE
2024-08-06,2024-08-13,XLRE,39.8940315246582,40.182071685791016,136,39.1734619140625,0.7220131686986209,REBALANCE
2024-08-06,2024-08-13,XLU,70.3141098022461,71.56851959228516,77,96.58955383300781,1.784008634350931,REBALANCE
2024-08-06,2024-08-13,XLP,75.78981018066406,76.632568359375,72,60.6785888671875,1.1119676599031125,REBALANCE
2024-08-13,2024-08-20,XLU,71.56851959228516,72.1474609375,76,43.999542236328125,0.8089329617448904,REBALANCE
2024-08-13,2024-08-20,XLV,148.0142822265625,151.14645385742188,37,115.89035034179688,2.11612797342422,REBALANCE
2024-08-13,2024-08-20,XLK,211.95057678222656,222.44496154785156,25,262.359619140625,4.951335790139266,REBALANCE
2024-08-20,2024-08-27,XLF,43.078392028808594,43.99161148071289,129,117.8053092956543,2.119901437578231,REBALANCE
2024-08-20,2024-08-27,XLK,222.44496154785156,220.68930053710938,24,-42.1358642578125,-0.7892563618998927,REBALANCE
2024-08-20,2024-08-27,XLP,78.63773345947266,80.03263854980469,70,97.64335632324219,1.7738368451971187,REBALANCE
2024-08-27,2024-09-04,XLRE,41.71830749511719,42.00634765625,133,38.30934143066406,0.6904406684440145,REBALANCE
2024-08-27,2024-09-04,XLB,90.92046356201172,89.56373596191406,61,-82.76038360595703,-1.4922136853958157,REBALANCE
2024-08-27,2024-09-04,XLP,80.03263854980469,80.86570739746094,69,57.48175048828125,1.0409113865936348,REBALANCE
2024-09-04,2024-09-11,XLF,44.6298828125,43.480995178222656,124,-142.46206665039062,-2.5742564440603077,REBALANCE
2024-09-04,2024-09-11,XLU,74.13521575927734,74.56942749023438,75,32.565879821777344,0.5857023905709635,REBALANCE
2024-09-04,2024-09-11,XLP,80.86570739746094,80.23606872558594,68,-42.8154296875,-0.7786225980566552,REBALANCE
2024-09-11,2024-09-18,XLRE,43.024105072021484,43.08170700073242,128,7.373046875,0.13388292124731915,REBALANCE
2024-09-11,2024-09-18,XLY,187.05860900878906,190.71963500976562,29,106.16975402832031,1.9571545091541687,REBALANCE
2024-09-11,2024-09-18,XLK,215.77935791015625,215.41233825683594,25,-9.175491333007812,-0.17009025185491522,REBALANCE
2024-09-18,2024-09-25,XLI,129.43450927734375,131.94268798828125,42,105.343505859375,1.9377975201058106,REBALANCE
2024-09-18,2024-09-25,XLE,84.38306427001953,84.35406494140625,65,-1.8849563598632812,-0.0343662900419095,REBALANCE
2024-09-18,2024-09-25,XLB,91.09616088867188,93.25770568847656,60,129.69268798828125,2.372816569565761,REBALANCE
2024-09-25,2024-10-02,XLY,197.99424743652344,196.18968200683594,28,-50.52783203125,-0.9114231615572788,REBALANCE
2024-09-25,2024-10-02,XLU,77.89198303222656,79.14518737792969,71,88.97750854492188,1.608900296176352,REBALANCE
2024-09-25,2024-10-02,XLI,131.94268798828125,133.21316528320312,42,53.36004638671875,0.9629008733206268,REBALANCE
2024-10-02,2024-10-09,XLE,87.79945373535156,88.67047882080078,63,54.87458038330078,0.9920620782843281,REBALANCE
2024-10-02,2024-10-09,XLU,79.14518737792969,76.5513687133789,70,-181.5673065185547,-3.277291709684027,REBALANCE
2024-10-02,2024-10-09,XLI,133.21316528320312,134.62152099609375,41,57.742584228515625,1.0572196148155077,REBALANCE
2024-10-09,2024-10-16,XLE,88.67047882080078,87.30587005615234,62,-84.60574340820312,-1.5389662746789212,REBALANCE
2024-10-09,2024-10-16,XLK,229.01531982421875,227.94216918945312,24,-25.755615234375,-0.46859338300569986,REBALANCE
2024-10-09,2024-10-16,XLI,134.62152099609375,137.1427764892578,41,103.37147521972656,1.8728472791785133,REBALANCE
2024-10-16,2024-10-23,XLF,46.79234313964844,46.42770767211914,117,-42.662349700927734,-0.779263108156536,REBALANCE
2024-10-16,2024-10-23,XLU,79.86405181884766,79.7766342163086,69,-6.0318145751953125,-0.10945801089249363,REBALANCE
2024-10-16,2024-10-23,XLI,137.1427764892578,134.63137817382812,40,-100.4559326171875,-1.8312290152783905,REBALANCE
2024-10-23,2024-10-30,XLF,46.42770767211914,46.44741439819336,117,2.3056869506835938,0.04244604582546163,REBALANCE
2024-10-23,2024-10-30,XLE,86.91873931884766,85.20572662353516,62,-106.206787109375,-1.9708209170275492,REBALANCE
2024-10-23,2024-10-30,XLU,79.7766342163086,76.83309173583984,68,-200.160888671875,-3.689730093760968,REBALANCE
2024-10-30,2024-11-06,XLC,91.79227447509766,94.31321716308594,58,146.2146759033203,2.7463560549120025,REBALANCE
2024-10-30,2024-11-06,XLY,198.2520294189453,207.6416015625,27,253.51844787597656,4.7361795846804,REBALANCE
2024-10-30,2024-11-06,XLF,46.44741439819336,48.83236312866211,115,274.26910400390625,5.134728727895599,REBALANCE
2024-11-06,2024-11-13,XLF,48.83236312866211,49.04917526245117,112,24.282958984375,0.4439927128200072,REBALANCE
2024-11-06,2024-11-13,XLE,90.54801940917969,91.46743774414062,60,55.16510009765625,1.0153930930351551,REBALANCE
2024-11-06,2024-11-13,XLI,139.28977966308594,140.10723876953125,39,31.880905151367188,0.5868765880903792,REBALANCE
2024-11-13,2024-11-20,XLP,78.75373077392578,78.12074279785156,104,-65.83074951171875,-0.8037561774581925,REBALANCE
2024-11-13,2024-11-20,XLRE,41.88502883911133,42.03006362915039,196,28.42681884765625,0.34626880787445025,REBALANCE
2024-11-20,2024-11-27,XLU,78.1931381225586,80.53437805175781,105,245.83019256591797,2.9941756852495116,REBALANCE
2024-11-20,2024-11-27,XLRE,42.03006362915039,43.71242141723633,195,328.0597686767578,4.002748610923157,REBALANCE
2024-11-27,2024-12-05,XLRE,43.71242141723633,42.37813949584961,191,-254.84784698486328,-3.052409082194185,REBALANCE
2024-11-27,2024-12-05,XLU,80.53437805175781,78.38743591308594,103,-221.13504028320312,-2.665870390520775,REBALANCE
2024-12-05,2024-12-12,XLP,80.62348937988281,80.09761810302734,100,-52.587127685546875,-0.6522556650676137,REBALANCE
2024-12-05,2024-12-12,XLU,78.38743591308594,75.37588500976562,103,-310.1897430419922,-3.841879592361519,REBALANCE
2024-12-12,2024-12-18,XLRE,41.58530044555664,39.409828186035156,190,-413.33972930908203,-5.2313491455222465,STOP_LOSS
2024-12-12,2024-12-19,XLP,80.09761810302734,77.57540130615234,99,-249.699462890625,-3.148928590648903,REBALANCE
2024-12-19,2024-12-27,XLP,77.57540130615234,77.81078338623047,98,23.06744384765625,0.303423606085107,REBALANCE
2024-12-19,2024-12-27,XLV,133.8885040283203,137.1297149658203,56,181.5078125,2.4208284057116725,REBALANCE
2024-12-27,2025-01-06,XLV,137.1297149658203,137.19882202148438,55,3.8008880615234375,0.0503953907300847,REBALANCE
2024-12-27,2025-01-06,XLP,77.81078338623047,76.05439758300781,98,-172.1258087158203,-2.2572524356996415,REBALANCE
2025-01-06,2025-01-14,XLV,137.19882202148438,138.1659698486328,55,53.19313049316406,0.7049242937355427,REBALANCE
2025-01-06,2025-01-14,XLU,74.65843200683594,74.1294937133789,101,-53.422767639160156,-0.708477635062843,REBALANCE
2025-01-14,2025-01-22,XLV,138.1659698486328,140.31739807128906,54,116.1771240234375,1.557133225361662,REBALANCE
2025-01-14,2025-01-22,XLU,74.1294937133789,76.71540069580078,101,261.1766052246094,3.488364553547685,REBALANCE
2025-01-22,2025-01-29,XLU,76.71540069580078,75.16777801513672,99,-153.2146453857422,-2.0173559241394634,REBALANCE
2025-01-22,2025-01-29,XLRE,40.16592788696289,40.038883209228516,190,-24.13848876953125,-0.31629962114135823,REBALANCE
2025-01-29,2025-02-05,XLV,143.75181579589844,146.50527954101562,52,143.18011474609375,1.9154288451052492,REBALANCE
2025-01-29,2025-02-05,XLP,77.46735382080078,77.62435150146484,97,15.228775024414062,0.20266302244844603,REBALANCE
2025-02-05,2025-02-12,XLV,146.50527954101562,143.9097442626953,51,-132.37229919433594,-1.7716325899324814,REBALANCE
2025-02-05,2025-02-12,XLRE,41.045475006103516,40.947750091552734,185,-18.07910919189453,-0.23808937413015707,REBALANCE
2025-02-12,2025-02-20,XLP,79.03730773925781,79.70454406738281,95,63.387451171875,0.8442042716411802,REBALANCE
2025-02-12,2025-02-20,XLU,77.62635803222656,78.60586547851562,97,95.01222229003906,1.2618232661159023,REBALANCE
2025-02-20,2025-02-27,XLRE,41.6122932434082,41.87615966796875,181,47.759822845458984,0.6341069044598857,REBALANCE
2025-02-20,2025-02-27,XLP,79.70454406738281,80.45026397705078,94,70.09767150878906,0.9356052636566581,REBALANCE
2025-02-27,2025-03-06,XLRE,41.87615966796875,41.27024459838867,181,-109.67062759399414,-1.4469212897847084,REBALANCE
2025-02-27,2025-03-06,XLP,80.45026397705078,81.03898620605469,94,55.33988952636719,0.7317840860930458,REBALANCE
2025-03-06,2025-03-13,XLP,81.03898620605469,77.84022521972656,62,-198.32318115234375,-3.947187811795616,REBALANCE
2025-03-06,2025-03-13,XLV,147.31454467773438,141.94580078125,34,-182.53729248046875,-3.6444085736605625,REBALANCE
2025-03-06,2025-03-13,XLB,86.3131332397461,83.642333984375,58,-154.90635681152344,-3.094313872203658,REBALANCE
2025-03-13,2025-03-20,XLU,75.77507781982422,77.63615417480469,64,119.10888671875,2.456053373387057,REBALANCE
2025-03-13,2025-03-20,XLE,85.08125305175781,90.92704010009766,57,333.2098617553711,6.870828576988219,REBALANCE
2025-03-13,2025-03-20,XLV,141.94580078125,145.08412170410156,34,106.70291137695312,2.210929034588327,REBALANCE
2025-03-20,2025-03-27,XLE,90.92704010009766,91.34114837646484,54,22.361846923828125,0.4554291835644486,REBALANCE
2025-03-20,2025-03-27,XLF,49.12968826293945,49.84453201293945,100,71.484375,1.4550138119627354,REBALANCE
2025-03-20,2025-03-27,XLRE,40.96729278564453,40.747581481933594,120,-26.3653564453125,-0.5363090621109512,REBALANCE
2025-03-27,2025-04-03,XLY,202.5712432861328,190.28907775878906,24,-294.77197265625,-6.063133803249232,REBALANCE
2025-03-27,2025-04-03,XLE,91.34114837646484,85.31206512451172,54,-325.57049560546875,-6.6006212524328145,REBALANCE
2025-03-27,2025-04-03,XLP,79.71244049072266,80.906005859375,62,74.00105285644531,1.49733888625736,REBALANCE
2025-04-03,2025-04-04,XLU,77.8517837524414,73.52120971679688,61,-264.1650161743164,-5.562588070448326,STOP_LOSS
2025-04-03,2025-04-07,XLP,80.906005859375,76.49671936035156,58,-255.73861694335938,-5.449887745895332,STOP_LOSS
2025-04-03,2025-04-07,XLRE,40.14762878417969,37.39374923706055,118,-324.9577865600586,-6.859382809189263,STOP_LOSS
2025-04-10,2025-04-17,XLP,78.27227020263672,80.75804138183594,57,141.68895721435547,3.1758005392763966,REBALANCE
2025-04-10,2025-04-17,XLY,187.17120361328125,184.68089294433594,23,-57.27714538574219,-1.3304988272077378,REBALANCE
2025-04-10,2025-04-17,XLI,122.60873413085938,124.40582275390625,36,64.6951904296875,1.4657101190922228,REBALANCE
2025-04-17,2025-04-25,XLP,80.75804138183594,79.74202728271484,55,-55.880775451660156,-1.2580965087021223,REBALANCE
2025-04-17,2025-04-25,XLRE,39.783721923828125,39.862403869628906,113,8.891059875488281,0.19777422019846558,REBALANCE
2025-04-17,2025-04-25,XLU,76.71735382080078,77.15139770507812,58,25.174545288085938,0.5657701454239383,REBALANCE
2025-04-25,2025-05-02,XLK,207.85792541503906,215.97402954101562,21,170.4381866455078,3.9046402054532026,REBALANCE
2025-04-25,2025-05-02,XLY,196.83360290527344,200.6487274169922,22,83.9327392578125,1.9382485792097226,REBALANCE
2025-04-25,2025-05-02,XLC,93.80438232421875,96.84635925292969,47,142.97291564941406,3.24289425860389,REBALANCE
2025-05-02,2025-05-09,XLI,133.61959838867188,135.13868713378906,34,51.649017333984375,1.1368757004481367,REBALANCE
2025-05-02,2025-05-09,XLK,215.97402954101562,216.96112060546875,21,20.728912353515625,0.4570415556679919,REBALANCE
2025-05-02,2025-05-09,XLF,49.427337646484375,49.526668548583984,92,9.138442993164062,0.20096348868725578,REBALANCE
2025-05-09,2025-05-16,XLI,135.13868713378906,142.7539520263672,33,251.30374145507812,5.6351479018283746,REBALANCE
2025-05-09,2025-05-16,XLK,216.96112060546875,234.20034790039062,21,362.0237731933594,7.945768000650411,REBALANCE
2025-05-09,2025-05-16,XLF,49.526668548583984,51.2451057434082,92,158.09622192382812,3.4697209507207116,REBALANCE
2025-05-16,2025-05-23,XLK,234.20034790039062,226.14407348632812,20,-161.12548828125,-3.4399071078617616,REBALANCE
2025-05-16,2025-05-23,XLI,142.7539520263672,139.8249969482422,32,-93.7265625,-2.0517506076357273,REBALANCE
2025-05-16,2025-05-23,XLY,216.82574462890625,209.8329620361328,21,-146.8484344482422,-3.2250702538766607,REBALANCE
2025-05-23,2025-06-02,XLI,139.8249969482422,141.6220703125,32,57.50634765625,1.2852303976255586,REBALANCE
2025-05-23,2025-06-02,XLC,99.60005187988281,101.29998016357422,45,76.49677276611328,1.706754415892786,REBALANCE
2025-05-23,2025-06-02,XLK,226.14407348632812,232.2660369873047,20,122.43927001953125,2.7071076445196685,REBALANCE
2025-06-02,2025-06-09,XLK,232.2660369873047,238.8267364501953,19,124.65328979492188,2.8246486434214235,REBALANCE
2025-06-02,2025-06-09,XLI,141.6220703125,143.76666259765625,32,68.626953125,1.5143065487067453,REBALANCE
2025-06-02,2025-06-09,XLY,213.4688262939453,213.04046630859375,21,-8.995559692382812,-0.20066629530333113,REBALANCE
2025-06-09,2025-06-16,XLK,238.8267364501953,242.326416015625,19,66.49391174316406,1.4653633916567488,REBALANCE
2025-06-09,2025-06-16,XLI,143.76666259765625,142.60501098632812,32,-37.1728515625,-0.8080118090931232,REBALANCE
2025-06-09,2025-06-16,XLB,87.50685119628906,87.25929260253906,52,-12.873046875,-0.282901956093351,REBALANCE
2025-06-16,2025-06-24,XLE,86.3939437866211,84.1915512084961,53,-116.726806640625,-2.5492441733700133,REBALANCE
2025-06-16,2025-06-24,XLK,242.326416015625,246.92266845703125,19,87.32879638671875,1.8967195227737266,REBALANCE
2025-06-16,2025-06-24,XLC,103.72561645507812,104.8642807006836,44,50.101226806640625,1.0977657058308221,REBALANCE
2025-06-24,2025-07-01,XLK,246.92266845703125,250.6478729248047,18,67.05368041992188,1.5086522801051272,REBALANCE
2025-06-24,2025-07-01,XLC,104.8642807006836,107.38549041748047,43,108.41201782226562,2.4042597726801063,REBALANCE
2025-06-24,2025-07-01,XLF,51.410762786865234,52.48721694946289,89,95.8044204711914,2.0938303659495228,REBALANCE
2025-07-01,2025-07-09,XLC,107.38549041748047,106.68791961669922,43,-29.99554443359375,-0.64959502263231,REBALANCE
2025-07-01,2025-07-09,XLK,250.6478729248047,257.4990539550781,18,123.32125854492188,2.733388857574237,REBALANCE
2025-07-01,2025-07-09,XLB,89.654541015625,91.34651184082031,51,86.29051208496094,1.887211518823606,REBALANCE
2025-07-09,2025-07-16,XLK,257.4990539550781,258.3779296875,18,15.81976318359375,0.3413122180150552,REBALANCE
2025-07-09,2025-07-16,XLE,87.31488800048828,85.4012222290039,53,-101.42428588867188,-2.191683245901521,REBALANCE
2025-07-09,2025-07-16,XLB,91.34651184082031,88.95783996582031,51,-121.822265625,-2.6149568569870274,REBALANCE
2025-07-16,2025-07-23,XLK,258.3779296875,259.9559326171875,17,26.8260498046875,0.6107344120281688,REBALANCE
2025-07-16,2025-07-23,XLI,149.79115295410156,153.0974884033203,30,99.1900634765625,2.2072968823678485,REBALANCE
2025-07-16,2025-07-23,XLY,219.08358764648438,226.151123046875,21,148.41824340820312,3.2259538363023754,REBALANCE
2025-07-23,2025-07-30,XLY,226.151123046875,222.80702209472656,20,-66.88201904296875,-1.4787018994618428,REBALANCE
2025-07-23,2025-07-30,XLB,91.80433654785156,88.43035125732422,50,-168.6992645263672,-3.6751916275422403,REBALANCE
2025-07-23,2025-07-30,XLI,153.0974884033203,151.37460327148438,30,-51.686553955078125,-1.1253516630509108,REBALANCE
2025-07-30,2025-08-06,XLK,264.34027099609375,262.71234130859375,17,-27.6748046875,-0.6158462656354224,REBALANCE
2025-07-30,2025-08-06,XLU,84.6402587890625,85.04752349853516,53,21.58502960205078,0.4811713897137526,REBALANCE
2025-07-30,2025-08-06,XLE,86.9381103515625,84.00315856933594,52,-152.61749267578125,-3.3759093340747004,REBALANCE
2025-08-06,2025-08-13,XLU,85.04752349853516,85.89183807373047,52,43.90435791015625,0.9927562149529834,REBALANCE
2025-08-06,2025-08-13,XLC,107.35559844970703,110.72384643554688,41,138.0981674194336,3.1374684082430715,REBALANCE
2025-08-06,2025-08-13,XLP,81.06373596191406,82.06684875488281,55,55.17120361328125,1.2374371611000523,REBALANCE
2025-08-13,2025-08-20,XLC,110.72384643554688,109.46822357177734,41,-51.48053741455078,-1.1340130461421793,REBALANCE
2025-08-13,2025-08-20,XLY,229.4453125,227.17930603027344,19,-43.05412292480469,-0.9876019889168863,REBALANCE
2025-08-13,2025-08-20,XLB,90.55029296875,89.69435119628906,50,-42.797088623046875,-0.9452667069297482,REBALANCE
2025-08-20,2025-08-27,XLV,136.87403869628906,136.34645080566406,32,-16.8828125,-0.3854550473195828,REBALANCE
2025-08-20,2025-08-27,XLP,82.65283203125,80.21952056884766,54,-131.39881896972656,-2.9440146243051135,REBALANCE
2025-08-20,2025-08-27,XLU,85.59384155273438,84.70979309082031,52,-45.97052001953125,-1.0328412019799393,REBALANCE
2025-08-27,2025-09-04,XLY,233.33843994140625,234.7459716796875,18,25.3355712890625,0.6032146862020138,REBALANCE
2025-08-27,2025-09-04,XLE,88.46508026123047,88.32626342773438,50,-6.9408416748046875,-0.15691709439044077,REBALANCE
2025-08-27,2025-09-04,XLC,110.8035659790039,113.68352508544922,39,112.31840515136719,2.5991574197088863,REBALANCE
2025-09-04,2025-09-11,XLC,113.68352508544922,115.97552490234375,39,89.38799285888672,2.0161231059397267,REBALANCE
2025-09-04,2025-09-11,XLY,234.7459716796875,236.9820098876953,18,40.248687744140625,0.9525352839957923,REBALANCE
2025-09-04,2025-09-11,XLV,136.80435180664062,139.0839385986328,32,72.94677734375,1.6663116062376027,REBALANCE
2025-09-11,2025-09-18,XLC,115.97552490234375,118.50669860839844,38,96.18460083007812,2.1825067902784268,REBALANCE
2025-09-11,2025-09-18,XLK,270.71209716796875,275.7655944824219,16,80.85595703125,1.866742331547,REBALANCE
2025-09-11,2025-09-18,XLV,139.0839385986328,136.84417724609375,32,-71.67236328125,-1.6103666426952046,REBALANCE
2025-09-18,2025-09-25,XLC,118.50669860839844,117.02999877929688,37,-54.63789367675781,-1.2460897539482318,REBALANCE
2025-09-18,2025-09-25,XLK,275.7655944824219,278.0,16,35.75048828125,0.810255362628487,REBALANCE
2025-09-18,2025-09-25,XLY,240.0565948486328,236.22000122070312,18,-69.05868530273438,-1.5982038028777512,REBALANCE
2025-09-25,2025-10-02,XLK,278.0,286.1600036621094,16,130.56005859375,2.9352531158666872,REBALANCE
2025-09-25,2025-10-02,XLE,91.1500015258789,88.44000244140625,48,-130.0799560546875,-2.973120174554522,REBALANCE
2025-09-25,2025-10-02,XLU,85.41999816894531,87.88999938964844,52,128.4400634765625,2.891595965406024,REBALANCE
2025-10-02,2025-10-09,XLK,286.1600036621094,290.20001220703125,15,60.600128173828125,1.4118005637476116,REBALANCE
2025-10-02,2025-10-09,XLV,143.19000244140625,144.19000244140625,31,31.0,0.6983727794887207,REBALANCE
2025-10-02,2025-10-09,XLU,87.88999938964844,90.56999969482422,50,134.00001525878906,3.049266496515002,REBALANCE
2025-10-09,2025-10-16,XLU,90.56999969482422,91.88999938964844,49,64.67998504638672,1.4574359051252816,REBALANCE
2025-10-09,2025-10-16,XLK,290.20001220703125,284.510009765625,15,-85.35003662109375,-1.960717505878995,REBALANCE
2025-10-09,2025-10-16,XLV,144.19000244140625,142.32000732421875,31,-57.9698486328125,-1.296896515379009,REBALANCE
2025-10-16,2025-10-23,XLU,91.88999938964844,90.33000183105469,48,-74.8798828125,-1.6976793654974065,REBALANCE
2025-10-16,2025-10-23,XLRE,41.77000045776367,42.5,106,77.37995147705078,1.7476646737758061,REBALANCE
2025-10-16,2025-10-23,XLP,78.68000030517578,79.3499984741211,56,37.5198974609375,0.851548254126322,REBALANCE
2025-10-23,2025-10-30,XLV,146.0399932861328,144.3000030517578,30,-52.19970703125,-1.191447763877851,REBALANCE
2025-10-23,2025-10-30,XLK,289.0899963378906,300.3900146484375,15,169.50027465820312,3.9088237066976728,REBALANCE
2025-10-23,2025-10-30,XLY,238.3699951171875,233.75,18,-83.159912109375,-1.938161350767409,REBALANCE
2025-10-30,2025-11-06,XLK,300.3900146484375,289.1600036621094,14,-157.22015380859375,-3.738476793068901,REBALANCE
2025-10-30,2025-11-06,XLU,89.72000122070312,88.45999908447266,49,-61.74010467529297,-1.4043715103513876,REBALANCE
2025-10-30,2025-11-06,XLI,154.69000244140625,152.58999633789062,28,-58.8001708984375,-1.3575577415295914,REBALANCE
2025-11-06,2025-11-13,XLV,145.94000244140625,152.74000549316406,29,197.20008850097656,4.659451101823819,REBALANCE
2025-11-06,2025-11-13,XLE,88.2699966430664,90.4800033569336,49,108.29032897949219,2.503689586398994,REBALANCE
2025-11-06,2025-11-13,XLY,235.49000549316406,232.0,18,-62.820098876953125,-1.4820185195780544,REBALANCE
2025-11-13,2025-11-14,XLV,152.74000549316406,151.8300018310547,28,-25.4801025390625,-0.5957860608759136,END_OF_BACKTEST
2025-11-13,2025-11-14,XLE,90.4800033569336,92.0199966430664,48,73.919677734375,1.7020261151601712,END_OF_BACKTEST
2025-11-13,2025-11-14,XLB,87.56999969482422,86.7699966430664,49,-39.20014953613281,-0.9135583585083595,END_OF_BACKTEST
